#
# There is insufficient memory for the Java Runtime Environment to continue.
# Native memory allocation (malloc) failed to allocate 1042016 bytes. Error detail: Chunk::new
# Possible reasons:
#   The system is out of physical RAM or swap space
#   This process is running with CompressedOops enabled, and the Java Heap may be blocking the growth of the native heap
# Possible solutions:
#   Reduce memory load on the system
#   Increase physical memory or swap space
#   Check if swap backing store is full
#   Decrease Java heap size (-Xmx/-Xms)
#   Decrease number of Java threads
#   Decrease Java thread stack sizes (-Xss)
#   Set larger code cache with -XX:ReservedCodeCacheSize=
#   JVM is running with Unscaled Compressed Oops mode in which the Java heap is
#     placed in the first 4GB address space. The Java Heap base address is the
#     maximum limit for the native heap growth. Please use -XX:HeapBaseMinAddress
#     to set the Java Heap base and to place the Java Heap above 4GB virtual address.
# This output file may be truncated or incomplete.
#
#  Out of Memory Error (arena.cpp:168), pid=7976, tid=21052
#
# JRE version: OpenJDK Runtime Environment JBR-21.0.11+1-1163.116-nomod (21.0.11+1) (build 21.0.11+1-b1163.116)
# Java VM: OpenJDK 64-Bit Server VM JBR-21.0.11+1-1163.116-nomod (21.0.11+1-b1163.116, mixed mode, sharing, tiered, compressed oops, compressed class ptrs, g1 gc, windows-amd64)
# No core dump will be written. Minidumps are not enabled by default on client versions of Windows
#

---------------  S U M M A R Y ------------

Command Line: --add-opens=java.base/java.lang=ALL-UNNAMED --add-opens=java.base/java.lang.invoke=ALL-UNNAMED --add-opens=java.base/java.util=ALL-UNNAMED --add-opens=java.prefs/java.util.prefs=ALL-UNNAMED --add-exports=jdk.compiler/com.sun.tools.javac.api=ALL-UNNAMED --add-exports=jdk.compiler/com.sun.tools.javac.util=ALL-UNNAMED --add-opens=java.base/java.util=ALL-UNNAMED --add-opens=java.prefs/java.util.prefs=ALL-UNNAMED --add-opens=java.base/java.nio.charset=ALL-UNNAMED --add-opens=java.base/java.net=ALL-UNNAMED --add-opens=java.base/java.util.concurrent.atomic=ALL-UNNAMED --add-opens=java.xml/javax.xml.namespace=ALL-UNNAMED -XX:MaxMetaspaceSize=384m -XX:+HeapDumpOnOutOfMemoryError -Xms256m -Xmx512m -Dfile.encoding=UTF-8 -Duser.country=ES -Duser.language=es -Duser.variant -javaagent:C:\Users\abriz\.gradle\wrapper\dists\gradle-8.11.1-bin\bpt9gzteqjrbo1mjrsomdt32c\gradle-8.11.1\lib\agents\gradle-instrumentation-agent-8.11.1.jar org.gradle.launcher.daemon.bootstrap.GradleDaemon 8.11.1

Host: AMD Ryzen 5 3500U with Radeon Vega Mobile Gfx  , 8 cores, 5G,  Windows 11 , 64 bit Build 26100 (10.0.26100.9444)
Time: Tue Sep 22 15:49:34 2026 Hora estándar Sudamérica este elapsed time: 348.235980 seconds (0d 0h 5m 48s)

---------------  T H R E A D  ---------------

Current thread (0x00000274f5652e60):  JavaThread "C2 CompilerThread0" daemon [_thread_in_native, id=21052, stack(0x000000cf85d00000,0x000000cf85e00000) (1024K)]


Current CompileTask:
C2:348237 22377   !   4       org.gradle.api.internal.file.FileOrUriNotationConverter::convert (329 bytes)

Stack: [0x000000cf85d00000,0x000000cf85e00000]
Native frames: (J=compiled Java code, j=interpreted, Vv=VM code, C=native code)
V  [jvm.dll+0x6ed7f9]
V  [jvm.dll+0x8cbfcb]
V  [jvm.dll+0x8ce76a]
V  [jvm.dll+0x8cee43]
V  [jvm.dll+0x28e496]
V  [jvm.dll+0xc92bd]
V  [jvm.dll+0xc980c]
V  [jvm.dll+0x3051de]
V  [jvm.dll+0x613bd7]
V  [jvm.dll+0x25e207]
V  [jvm.dll+0x25e5dd]
V  [jvm.dll+0x256e10]
V  [jvm.dll+0x254340]
V  [jvm.dll+0x1d37ae]
V  [jvm.dll+0x26423b]
V  [jvm.dll+0x26276e]
V  [jvm.dll+0x405515]
V  [jvm.dll+0x875cad]
V  [jvm.dll+0x6ebf5d]
C  [ucrtbase.dll+0x2cd30]
C  [KERNEL32.DLL+0x2cd87]
C  [ntdll.dll+0xacaec]


---------------  P R O C E S S  ---------------

Threads class SMR info:
_java_thread_list=0x00000274ff0c11a0, length=139, elements={
0x00000274df12bae0, 0x00000274f550b180, 0x00000274f550c390, 0x00000274f550cdf0,
0x00000274f550dab0, 0x00000274f550e8a0, 0x00000274f564a920, 0x00000274f564b4b0,
0x00000274f5652e60, 0x00000274f5666940, 0x00000274f58bc430, 0x00000274fb95d010,
0x00000274fbc418d0, 0x00000274fbb03b70, 0x00000274f58ef2b0, 0x00000274f58ef940,
0x00000274fc1b73d0, 0x00000274fc1b8780, 0x00000274fc1b6d40, 0x00000274fc1b94a0,
0x00000274fc1bcfb0, 0x00000274fc1bc920, 0x00000274fc1baee0, 0x00000274ff88ed40,
0x00000274ff8914a0, 0x00000274fb158dc0, 0x00000274fb156660, 0x00000274fb158730,
0x00000274f56cb5e0, 0x00000274fbfda2b0, 0x000002749c3ff430, 0x000002749c3ffac0,
0x00000274fb095ca0, 0x00000274fbfd9590, 0x00000274fb15c240, 0x00000274fb15cf60,
0x00000274fc1b80f0, 0x00000274fc1b66b0, 0x00000274fc1bbc00, 0x00000274fc1bb570,
0x00000274fc1b8e10, 0x00000274fc1b9b30, 0x000002749d52d8b0, 0x000002749d52be70,
0x000002749d52f980, 0x000002749d52c500, 0x000002749d530010, 0x000002749d52cb90,
0x000002749d52ec60, 0x000002749d52d220, 0x000002749d530d30, 0x000002749d5313c0,
0x000002749d52df40, 0x000002749d531a50, 0x000002749d532e00, 0x000002749d533490,
0x000002749d534ed0, 0x000002749d534840, 0x000002749d535560, 0x000002749d532770,
0x000002749d533b20, 0x000002749d539070, 0x000002749d536fa0, 0x000002749d539700,
0x000002749d539d90, 0x000002749d53a420, 0x000002749d53aab0, 0x000002749d5389e0,
0x000002749d538350, 0x000002749d537630, 0x000002749d53b140, 0x000002749d537cc0,
0x00000274ff88bf50, 0x00000274ff88b230, 0x00000274ff88c5e0, 0x00000274ff88b8c0,
0x00000274ff88cc70, 0x00000274ff88d300, 0x00000274ff889e80, 0x00000274ff88d990,
0x00000274ff890e10, 0x00000274ff88e020, 0x00000274ff88e6b0, 0x00000274ff88f3d0,
0x00000274ff890780, 0x00000274ff88fa60, 0x00000274fb0969c0, 0x00000274fb096330,
0x00000274fb095610, 0x00000274fb093540, 0x00000274fb0948f0, 0x00000274fb097050,
0x00000274fb093bd0, 0x00000274fb0976e0, 0x00000274fb094260, 0x00000274fb09a4d0,
0x00000274fb0997b0, 0x00000274fb09ab60, 0x00000274fb099e40, 0x00000274fb097d70,
0x00000274fb098400, 0x00000274ff304070, 0x00000274ff304d90, 0x00000274ff3067d0,
0x00000274ff307b80, 0x00000274ff306e60, 0x00000274ff3088a0, 0x00000274ff308210,
0x00000274ff305420, 0x00000274ff308f30, 0x00000274ff305ab0, 0x00000274ff30a2e0,
0x00000274ff3095c0, 0x00000274ff309c50, 0x00000274ff3074f0, 0x00000274fb15a170,
0x00000274fb159ae0, 0x00000274fb157a10, 0x00000274fb1580a0, 0x000002749cfb1ab0,
0x000002749cfb34f0, 0x000002749cfb0700, 0x000002749cfb0070, 0x000002749cfb27d0,
0x000002749cfb3b80, 0x000002749cfb2e60, 0x000002749cfb2140, 0x000002749cfb4210,
0x000002749cfb0d90, 0x000002749cfb48a0, 0x000002749cfb1420, 0x000002749cfb55c0,
0x000002749cfb62e0, 0x000002749cfb6970, 0x000002749cfb83b0, 0x000002749cfb7000,
0x000002749cfb7690, 0x000002749cfb4f30, 0x000002749cfbb1a0
}

Java Threads: ( => current thread )
  0x00000274df12bae0 JavaThread "main"                              [_thread_blocked, id=316, stack(0x000000cf84e00000,0x000000cf84f00000) (1024K)]
  0x00000274f550b180 JavaThread "Common-Cleaner"             daemon [_thread_blocked, id=18428, stack(0x000000cf85600000,0x000000cf85700000) (1024K)]
  0x00000274f550c390 JavaThread "Reference Handler"          daemon [_thread_blocked, id=7948, stack(0x000000cf85700000,0x000000cf85800000) (1024K)]
  0x00000274f550cdf0 JavaThread "Finalizer"                  daemon [_thread_blocked, id=10324, stack(0x000000cf85800000,0x000000cf85900000) (1024K)]
  0x00000274f550dab0 JavaThread "Signal Dispatcher"          daemon [_thread_blocked, id=5660, stack(0x000000cf85900000,0x000000cf85a00000) (1024K)]
  0x00000274f550e8a0 JavaThread "Attach Listener"            daemon [_thread_blocked, id=19532, stack(0x000000cf85a00000,0x000000cf85b00000) (1024K)]
  0x00000274f564a920 JavaThread "Service Thread"             daemon [_thread_blocked, id=20100, stack(0x000000cf85b00000,0x000000cf85c00000) (1024K)]
  0x00000274f564b4b0 JavaThread "Monitor Deflation Thread"   daemon [_thread_blocked, id=2984, stack(0x000000cf85c00000,0x000000cf85d00000) (1024K)]
=>0x00000274f5652e60 JavaThread "C2 CompilerThread0"         daemon [_thread_in_native, id=21052, stack(0x000000cf85d00000,0x000000cf85e00000) (1024K)]
  0x00000274f5666940 JavaThread "C1 CompilerThread0"         daemon [_thread_blocked, id=13184, stack(0x000000cf85e00000,0x000000cf85f00000) (1024K)]
  0x00000274f58bc430 JavaThread "Notification Thread"        daemon [_thread_blocked, id=22908, stack(0x000000cf85f00000,0x000000cf86000000) (1024K)]
  0x00000274fb95d010 JavaThread "Daemon health stats"               [_thread_blocked, id=23112, stack(0x000000cf86000000,0x000000cf86100000) (1024K)]
  0x00000274fbc418d0 JavaThread "Incoming local TCP Connector on port 60789"        [_thread_in_native, id=5372, stack(0x000000cf86700000,0x000000cf86800000) (1024K)]
  0x00000274fbb03b70 JavaThread "Daemon periodic checks"            [_thread_blocked, id=4872, stack(0x000000cf86600000,0x000000cf86700000) (1024K)]
  0x00000274f58ef2b0 JavaThread "Cache worker for journal cache (C:\Users\abriz\.gradle\caches\journal-1)"        [_thread_blocked, id=4256, stack(0x000000cf86f00000,0x000000cf87000000) (1024K)]
  0x00000274f58ef940 JavaThread "File lock request listener"        [_thread_in_native, id=4668, stack(0x000000cf87200000,0x000000cf87300000) (1024K)]
  0x00000274fc1b73d0 JavaThread "Cache worker for file hash cache (C:\Users\abriz\.gradle\caches\8.11.1\fileHashes)"        [_thread_blocked, id=4464, stack(0x000000cf87300000,0x000000cf87400000) (1024K)]
  0x00000274fc1b8780 JavaThread "Cache worker for file content cache (C:\Users\abriz\.gradle\caches\8.11.1\fileContent)"        [_thread_blocked, id=15092, stack(0x000000cf87500000,0x000000cf87600000) (1024K)]
  0x00000274fc1b6d40 JavaThread "File watcher server"        daemon [_thread_in_native, id=10924, stack(0x000000cf87900000,0x000000cf87a00000) (1024K)]
  0x00000274fc1b94a0 JavaThread "File watcher consumer"      daemon [_thread_blocked, id=23052, stack(0x000000cf87a00000,0x000000cf87b00000) (1024K)]
  0x00000274fc1bcfb0 JavaThread "jar transforms"                    [_thread_blocked, id=1360, stack(0x000000cf87400000,0x000000cf87500000) (1024K)]
  0x00000274fc1bc920 JavaThread "jar transforms Thread 2"           [_thread_blocked, id=16496, stack(0x000000cf87e00000,0x000000cf87f00000) (1024K)]
  0x00000274fc1baee0 JavaThread "jar transforms Thread 3"           [_thread_blocked, id=20980, stack(0x000000cf88000000,0x000000cf88100000) (1024K)]
  0x00000274ff88ed40 JavaThread "jar transforms Thread 4"           [_thread_blocked, id=17892, stack(0x000000cf88f00000,0x000000cf89000000) (1024K)]
  0x00000274ff8914a0 JavaThread "jar transforms Thread 5"           [_thread_blocked, id=19316, stack(0x000000cf89000000,0x000000cf89100000) (1024K)]
  0x00000274fb158dc0 JavaThread "jar transforms Thread 6"           [_thread_blocked, id=15120, stack(0x000000cf89800000,0x000000cf89900000) (1024K)]
  0x00000274fb156660 JavaThread "jar transforms Thread 7"           [_thread_blocked, id=19412, stack(0x000000cf89900000,0x000000cf89a00000) (1024K)]
  0x00000274fb158730 JavaThread "jar transforms Thread 8"           [_thread_blocked, id=12388, stack(0x000000cf89a00000,0x000000cf89b00000) (1024K)]
  0x00000274f56cb5e0 JavaThread "Memory manager"                    [_thread_blocked, id=7800, stack(0x000000cf8b600000,0x000000cf8b700000) (1024K)]
  0x00000274fbfda2b0 JavaThread "pool-3-thread-1"                   [_thread_blocked, id=1748, stack(0x000000cf8b900000,0x000000cf8ba00000) (1024K)]
  0x000002749c3ff430 JavaThread "Daemon Thread 2"                   [_thread_blocked, id=16708, stack(0x000000cf84b00000,0x000000cf84c00000) (1024K)]
  0x000002749c3ffac0 JavaThread "Daemon worker Thread 2"            [_thread_blocked, id=5728, stack(0x000000cf86800000,0x000000cf86900000) (1024K)]
  0x00000274fb095ca0 JavaThread "pool-7-thread-1"                   [_thread_blocked, id=23100, stack(0x000000cf8a500000,0x000000cf8a600000) (1024K)]
  0x00000274fbfd9590 JavaThread "VFS cleanup Thread 2"              [_thread_blocked, id=1136, stack(0x000000cf86900000,0x000000cf86a00000) (1024K)]
  0x00000274fb15c240 JavaThread "pool-11-thread-1"                  [_thread_blocked, id=2900, stack(0x000000cf8a600000,0x000000cf8a700000) (1024K)]
  0x00000274fb15cf60 JavaThread "included builds"                   [_thread_blocked, id=10904, stack(0x000000cf8a900000,0x000000cf8aa00000) (1024K)]
  0x00000274fc1b80f0 JavaThread "Handler for socket connection from /127.0.0.1:60789 to /127.0.0.1:62282"        [_thread_in_native, id=22380, stack(0x000000cf84c00000,0x000000cf84d00000) (1024K)]
  0x00000274fc1b66b0 JavaThread "Cancel handler"                    [_thread_blocked, id=13008, stack(0x000000cf84d00000,0x000000cf84e00000) (1024K)]
  0x00000274fc1bbc00 JavaThread "Asynchronous log dispatcher for DefaultDaemonConnection: socket connection from /127.0.0.1:60789 to /127.0.0.1:62282"        [_thread_blocked, id=21400, stack(0x000000cf86a00000,0x000000cf86b00000) (1024K)]
  0x00000274fc1bb570 JavaThread "Stdin handler"                     [_thread_blocked, id=14860, stack(0x000000cf86b00000,0x000000cf86c00000) (1024K)]
  0x00000274fc1b8e10 JavaThread "Daemon client event forwarder"        [_thread_blocked, id=21336, stack(0x000000cf86c00000,0x000000cf86d00000) (1024K)]
  0x00000274fc1b9b30 JavaThread "Cache worker for file hash cache (C:\Users\abriz\OneDrive\Escritorio\TerritoryApp\android\.gradle\8.11.1\fileHashes)"        [_thread_blocked, id=8252, stack(0x000000cf86d00000,0x000000cf86e00000) (1024K)]
  0x000002749d52d8b0 JavaThread "Cache worker for Build Output Cleanup Cache (C:\Users\abriz\OneDrive\Escritorio\TerritoryApp\android\.gradle\buildOutputCleanup)"        [_thread_blocked, id=23160, stack(0x000000cf86e00000,0x000000cf86f00000) (1024K)]
  0x000002749d52be70 JavaThread "Cache worker for checksums cache (C:\Users\abriz\OneDrive\Escritorio\TerritoryApp\android\.gradle\8.11.1\checksums)"        [_thread_blocked, id=22468, stack(0x000000cf87600000,0x000000cf87700000) (1024K)]
  0x000002749d52f980 JavaThread "Cache worker for cache directory md-rule (C:\Users\abriz\.gradle\caches\8.11.1\md-rule)"        [_thread_blocked, id=14444, stack(0x000000cf87700000,0x000000cf87800000) (1024K)]
  0x000002749d52c500 JavaThread "Cache worker for cache directory md-supplier (C:\Users\abriz\.gradle\caches\8.11.1\md-supplier)"        [_thread_blocked, id=8508, stack(0x000000cf87b00000,0x000000cf87c00000) (1024K)]
  0x000002749d530010 JavaThread "Unconstrained build operations"        [_thread_blocked, id=21280, stack(0x000000cf87c00000,0x000000cf87d00000) (1024K)]
  0x000002749d52cb90 JavaThread "Unconstrained build operations Thread 2"        [_thread_blocked, id=22284, stack(0x000000cf87d00000,0x000000cf87e00000) (1024K)]
  0x000002749d52ec60 JavaThread "Unconstrained build operations Thread 3"        [_thread_blocked, id=16300, stack(0x000000cf87f00000,0x000000cf88000000) (1024K)]
  0x000002749d52d220 JavaThread "Unconstrained build operations Thread 4"        [_thread_blocked, id=20844, stack(0x000000cf88100000,0x000000cf88200000) (1024K)]
  0x000002749d530d30 JavaThread "Unconstrained build operations Thread 5"        [_thread_blocked, id=9652, stack(0x000000cf88200000,0x000000cf88300000) (1024K)]
  0x000002749d5313c0 JavaThread "Unconstrained build operations Thread 6"        [_thread_blocked, id=12056, stack(0x000000cf88300000,0x000000cf88400000) (1024K)]
  0x000002749d52df40 JavaThread "Unconstrained build operations Thread 7"        [_thread_blocked, id=19492, stack(0x000000cf88400000,0x000000cf88500000) (1024K)]
  0x000002749d531a50 JavaThread "Unconstrained build operations Thread 8"        [_thread_blocked, id=13544, stack(0x000000cf88500000,0x000000cf88600000) (1024K)]
  0x000002749d532e00 JavaThread "Unconstrained build operations Thread 9"        [_thread_blocked, id=22304, stack(0x000000cf88600000,0x000000cf88700000) (1024K)]
  0x000002749d533490 JavaThread "Unconstrained build operations Thread 10"        [_thread_blocked, id=22672, stack(0x000000cf88700000,0x000000cf88800000) (1024K)]
  0x000002749d534ed0 JavaThread "Unconstrained build operations Thread 11"        [_thread_blocked, id=15456, stack(0x000000cf88800000,0x000000cf88900000) (1024K)]
  0x000002749d534840 JavaThread "Unconstrained build operations Thread 12"        [_thread_blocked, id=14892, stack(0x000000cf88900000,0x000000cf88a00000) (1024K)]
  0x000002749d535560 JavaThread "Unconstrained build operations Thread 13"        [_thread_blocked, id=1116, stack(0x000000cf88a00000,0x000000cf88b00000) (1024K)]
  0x000002749d532770 JavaThread "Unconstrained build operations Thread 14"        [_thread_blocked, id=13924, stack(0x000000cf88b00000,0x000000cf88c00000) (1024K)]
  0x000002749d533b20 JavaThread "Unconstrained build operations Thread 15"        [_thread_blocked, id=2056, stack(0x000000cf88c00000,0x000000cf88d00000) (1024K)]
  0x000002749d539070 JavaThread "Unconstrained build operations Thread 16"        [_thread_blocked, id=16036, stack(0x000000cf88d00000,0x000000cf88e00000) (1024K)]
  0x000002749d536fa0 JavaThread "Unconstrained build operations Thread 17"        [_thread_blocked, id=16008, stack(0x000000cf88e00000,0x000000cf88f00000) (1024K)]
  0x000002749d539700 JavaThread "Unconstrained build operations Thread 18"        [_thread_blocked, id=9120, stack(0x000000cf89100000,0x000000cf89200000) (1024K)]
  0x000002749d539d90 JavaThread "Unconstrained build operations Thread 19"        [_thread_blocked, id=10820, stack(0x000000cf89200000,0x000000cf89300000) (1024K)]
  0x000002749d53a420 JavaThread "Unconstrained build operations Thread 20"        [_thread_blocked, id=4240, stack(0x000000cf89300000,0x000000cf89400000) (1024K)]
  0x000002749d53aab0 JavaThread "Unconstrained build operations Thread 21"        [_thread_blocked, id=8808, stack(0x000000cf89400000,0x000000cf89500000) (1024K)]
  0x000002749d5389e0 JavaThread "Unconstrained build operations Thread 22"        [_thread_blocked, id=6504, stack(0x000000cf89500000,0x000000cf89600000) (1024K)]
  0x000002749d538350 JavaThread "Unconstrained build operations Thread 23"        [_thread_blocked, id=22916, stack(0x000000cf89600000,0x000000cf89700000) (1024K)]
  0x000002749d537630 JavaThread "Unconstrained build operations Thread 24"        [_thread_blocked, id=12460, stack(0x000000cf89700000,0x000000cf89800000) (1024K)]
  0x000002749d53b140 JavaThread "Unconstrained build operations Thread 25"        [_thread_blocked, id=2040, stack(0x000000cf89b00000,0x000000cf89c00000) (1024K)]
  0x000002749d537cc0 JavaThread "Unconstrained build operations Thread 26"        [_thread_blocked, id=18716, stack(0x000000cf89c00000,0x000000cf89d00000) (1024K)]
  0x00000274ff88bf50 JavaThread "Unconstrained build operations Thread 27"        [_thread_blocked, id=17132, stack(0x000000cf89d00000,0x000000cf89e00000) (1024K)]
  0x00000274ff88b230 JavaThread "Unconstrained build operations Thread 28"        [_thread_blocked, id=1680, stack(0x000000cf89e00000,0x000000cf89f00000) (1024K)]
  0x00000274ff88c5e0 JavaThread "Unconstrained build operations Thread 29"        [_thread_blocked, id=14692, stack(0x000000cf89f00000,0x000000cf8a000000) (1024K)]
  0x00000274ff88b8c0 JavaThread "Unconstrained build operations Thread 30"        [_thread_blocked, id=4052, stack(0x000000cf8a000000,0x000000cf8a100000) (1024K)]
  0x00000274ff88cc70 JavaThread "Unconstrained build operations Thread 31"        [_thread_blocked, id=20192, stack(0x000000cf8a100000,0x000000cf8a200000) (1024K)]
  0x00000274ff88d300 JavaThread "Unconstrained build operations Thread 32"        [_thread_blocked, id=9928, stack(0x000000cf8a200000,0x000000cf8a300000) (1024K)]
  0x00000274ff889e80 JavaThread "build event listener"              [_thread_blocked, id=14980, stack(0x000000cf8a300000,0x000000cf8a400000) (1024K)]
  0x00000274ff88d990 JavaThread "build event listener"              [_thread_blocked, id=17980, stack(0x000000cf8a400000,0x000000cf8a500000) (1024K)]
  0x00000274ff890e10 JavaThread "pool-14-thread-1"                  [_thread_blocked, id=14716, stack(0x000000cf8a700000,0x000000cf8a800000) (1024K)]
  0x00000274ff88e020 JavaThread "build event listener"              [_thread_blocked, id=7940, stack(0x000000cf8a800000,0x000000cf8a900000) (1024K)]
  0x00000274ff88e6b0 JavaThread "included builds"                   [_thread_blocked, id=8812, stack(0x000000cf8aa00000,0x000000cf8ab00000) (1024K)]
  0x00000274ff88f3d0 JavaThread "Execution worker"                  [_thread_blocked, id=2576, stack(0x000000cf8ab00000,0x000000cf8ac00000) (1024K)]
  0x00000274ff890780 JavaThread "Execution worker Thread 2"         [_thread_in_native, id=22736, stack(0x000000cf8ac00000,0x000000cf8ad00000) (1024K)]
  0x00000274ff88fa60 JavaThread "Execution worker Thread 3"         [_thread_blocked, id=10996, stack(0x000000cf8ad00000,0x000000cf8ae00000) (1024K)]
  0x00000274fb0969c0 JavaThread "Execution worker Thread 4"         [_thread_blocked, id=16628, stack(0x000000cf8ae00000,0x000000cf8af00000) (1024K)]
  0x00000274fb096330 JavaThread "Execution worker Thread 5"         [_thread_blocked, id=23224, stack(0x000000cf8af00000,0x000000cf8b000000) (1024K)]
  0x00000274fb095610 JavaThread "Execution worker Thread 6"         [_thread_blocked, id=22812, stack(0x000000cf8b000000,0x000000cf8b100000) (1024K)]
  0x00000274fb093540 JavaThread "Execution worker Thread 7"         [_thread_blocked, id=16648, stack(0x000000cf8b100000,0x000000cf8b200000) (1024K)]
  0x00000274fb0948f0 JavaThread "Cache worker for execution history cache (C:\Users\abriz\OneDrive\Escritorio\TerritoryApp\android\.gradle\8.11.1\executionHistory)"        [_thread_blocked, id=12980, stack(0x000000cf8b200000,0x000000cf8b300000) (1024K)]
  0x00000274fb097050 JavaThread "Unconstrained build operations Thread 33"        [_thread_blocked, id=1668, stack(0x000000cf8b300000,0x000000cf8b400000) (1024K)]
  0x00000274fb093bd0 JavaThread "Unconstrained build operations Thread 34"        [_thread_blocked, id=10336, stack(0x000000cf8b400000,0x000000cf8b500000) (1024K)]
  0x00000274fb0976e0 JavaThread "Unconstrained build operations Thread 35"        [_thread_blocked, id=21828, stack(0x000000cf8b500000,0x000000cf8b600000) (1024K)]
  0x00000274fb094260 JavaThread "Unconstrained build operations Thread 36"        [_thread_blocked, id=21056, stack(0x000000cf8b700000,0x000000cf8b800000) (1024K)]
  0x00000274fb09a4d0 JavaThread "Unconstrained build operations Thread 37"        [_thread_blocked, id=19784, stack(0x000000cf8b800000,0x000000cf8b900000) (1024K)]
  0x00000274fb0997b0 JavaThread "Unconstrained build operations Thread 38"        [_thread_blocked, id=22076, stack(0x000000cf8ba00000,0x000000cf8bb00000) (1024K)]
  0x00000274fb09ab60 JavaThread "Unconstrained build operations Thread 39"        [_thread_blocked, id=14680, stack(0x000000cf8bb00000,0x000000cf8bc00000) (1024K)]
  0x00000274fb099e40 JavaThread "Unconstrained build operations Thread 40"        [_thread_blocked, id=19876, stack(0x000000cf8bc00000,0x000000cf8bd00000) (1024K)]
  0x00000274fb097d70 JavaThread "Unconstrained build operations Thread 41"        [_thread_blocked, id=16512, stack(0x000000cf8bd00000,0x000000cf8be00000) (1024K)]
  0x00000274fb098400 JavaThread "Unconstrained build operations Thread 42"        [_thread_blocked, id=1592, stack(0x000000cf8be00000,0x000000cf8bf00000) (1024K)]
  0x00000274ff304070 JavaThread "Unconstrained build operations Thread 43"        [_thread_blocked, id=16848, stack(0x000000cf8bf00000,0x000000cf8c000000) (1024K)]
  0x00000274ff304d90 JavaThread "Unconstrained build operations Thread 44"        [_thread_blocked, id=19112, stack(0x000000cf8c000000,0x000000cf8c100000) (1024K)]
  0x00000274ff3067d0 JavaThread "Unconstrained build operations Thread 45"        [_thread_blocked, id=23416, stack(0x000000cf8c100000,0x000000cf8c200000) (1024K)]
  0x00000274ff307b80 JavaThread "Unconstrained build operations Thread 46"        [_thread_blocked, id=23432, stack(0x000000cf8c200000,0x000000cf8c300000) (1024K)]
  0x00000274ff306e60 JavaThread "Unconstrained build operations Thread 47"        [_thread_blocked, id=6384, stack(0x000000cf8c300000,0x000000cf8c400000) (1024K)]
  0x00000274ff3088a0 JavaThread "Unconstrained build operations Thread 48"        [_thread_blocked, id=15604, stack(0x000000cf8c400000,0x000000cf8c500000) (1024K)]
  0x00000274ff308210 JavaThread "Unconstrained build operations Thread 49"        [_thread_blocked, id=456, stack(0x000000cf8c500000,0x000000cf8c600000) (1024K)]
  0x00000274ff305420 JavaThread "Unconstrained build operations Thread 50"        [_thread_blocked, id=14604, stack(0x000000cf8c600000,0x000000cf8c700000) (1024K)]
  0x00000274ff308f30 JavaThread "Unconstrained build operations Thread 51"        [_thread_blocked, id=23132, stack(0x000000cf8c700000,0x000000cf8c800000) (1024K)]
  0x00000274ff305ab0 JavaThread "Unconstrained build operations Thread 52"        [_thread_blocked, id=21800, stack(0x000000cf8c800000,0x000000cf8c900000) (1024K)]
  0x00000274ff30a2e0 JavaThread "Unconstrained build operations Thread 53"        [_thread_blocked, id=16980, stack(0x000000cf8c900000,0x000000cf8ca00000) (1024K)]
  0x00000274ff3095c0 JavaThread "Unconstrained build operations Thread 54"        [_thread_blocked, id=18748, stack(0x000000cf8ca00000,0x000000cf8cb00000) (1024K)]
  0x00000274ff309c50 JavaThread "Unconstrained build operations Thread 55"        [_thread_blocked, id=1472, stack(0x000000cf8cb00000,0x000000cf8cc00000) (1024K)]
  0x00000274ff3074f0 JavaThread "Unconstrained build operations Thread 56"        [_thread_blocked, id=7316, stack(0x000000cf8cc00000,0x000000cf8cd00000) (1024K)]
  0x00000274fb15a170 JavaThread "Unconstrained build operations Thread 57"        [_thread_blocked, id=23312, stack(0x000000cf8cd00000,0x000000cf8ce00000) (1024K)]
  0x00000274fb159ae0 JavaThread "Unconstrained build operations Thread 58"        [_thread_blocked, id=9108, stack(0x000000cf8ce00000,0x000000cf8cf00000) (1024K)]
  0x00000274fb157a10 JavaThread "Unconstrained build operations Thread 59"        [_thread_blocked, id=8268, stack(0x000000cf8cf00000,0x000000cf8d000000) (1024K)]
  0x00000274fb1580a0 JavaThread "Unconstrained build operations Thread 60"        [_thread_blocked, id=4380, stack(0x000000cf8d000000,0x000000cf8d100000) (1024K)]
  0x000002749cfb1ab0 JavaThread "Unconstrained build operations Thread 61"        [_thread_blocked, id=18764, stack(0x000000cf8d100000,0x000000cf8d200000) (1024K)]
  0x000002749cfb34f0 JavaThread "Unconstrained build operations Thread 62"        [_thread_blocked, id=1236, stack(0x000000cf8d200000,0x000000cf8d300000) (1024K)]
  0x000002749cfb0700 JavaThread "Unconstrained build operations Thread 63"        [_thread_blocked, id=7912, stack(0x000000cf8d300000,0x000000cf8d400000) (1024K)]
  0x000002749cfb0070 JavaThread "Unconstrained build operations Thread 64"        [_thread_blocked, id=356, stack(0x000000cf8d400000,0x000000cf8d500000) (1024K)]
  0x000002749cfb27d0 JavaThread "Unconstrained build operations Thread 65"        [_thread_blocked, id=13252, stack(0x000000cf8d500000,0x000000cf8d600000) (1024K)]
  0x000002749cfb3b80 JavaThread "Unconstrained build operations Thread 66"        [_thread_blocked, id=1232, stack(0x000000cf8d600000,0x000000cf8d700000) (1024K)]
  0x000002749cfb2e60 JavaThread "Unconstrained build operations Thread 67"        [_thread_blocked, id=14672, stack(0x000000cf8d700000,0x000000cf8d800000) (1024K)]
  0x000002749cfb2140 JavaThread "Unconstrained build operations Thread 68"        [_thread_blocked, id=9752, stack(0x000000cf8d800000,0x000000cf8d900000) (1024K)]
  0x000002749cfb4210 JavaThread "Unconstrained build operations Thread 69"        [_thread_blocked, id=3900, stack(0x000000cf8d900000,0x000000cf8da00000) (1024K)]
  0x000002749cfb0d90 JavaThread "Unconstrained build operations Thread 70"        [_thread_blocked, id=22548, stack(0x000000cf8da00000,0x000000cf8db00000) (1024K)]
  0x000002749cfb48a0 JavaThread "Unconstrained build operations Thread 71"        [_thread_blocked, id=1700, stack(0x000000cf8db00000,0x000000cf8dc00000) (1024K)]
  0x000002749cfb1420 JavaThread "Unconstrained build operations Thread 72"        [_thread_blocked, id=6488, stack(0x000000cf8dc00000,0x000000cf8dd00000) (1024K)]
  0x000002749cfb55c0 JavaThread "Unconstrained build operations Thread 73"        [_thread_blocked, id=7148, stack(0x000000cf8dd00000,0x000000cf8de00000) (1024K)]
  0x000002749cfb62e0 JavaThread "Unconstrained build operations Thread 74"        [_thread_blocked, id=15888, stack(0x000000cf8de00000,0x000000cf8df00000) (1024K)]
  0x000002749cfb6970 JavaThread "Unconstrained build operations Thread 75"        [_thread_blocked, id=1228, stack(0x000000cf8df00000,0x000000cf8e000000) (1024K)]
  0x000002749cfb83b0 JavaThread "Unconstrained build operations Thread 76"        [_thread_blocked, id=15144, stack(0x000000cf8e000000,0x000000cf8e100000) (1024K)]
  0x000002749cfb7000 JavaThread "Unconstrained build operations Thread 77"        [_thread_blocked, id=16140, stack(0x000000cf8e100000,0x000000cf8e200000) (1024K)]
  0x000002749cfb7690 JavaThread "Unconstrained build operations Thread 78"        [_thread_blocked, id=11576, stack(0x000000cf8e200000,0x000000cf8e300000) (1024K)]
  0x000002749cfb4f30 JavaThread "Unconstrained build operations Thread 79"        [_thread_blocked, id=13988, stack(0x000000cf8e300000,0x000000cf8e400000) (1024K)]
  0x000002749cfbb1a0 JavaThread "Unconstrained build operations Thread 80"        [_thread_in_native, id=11172, stack(0x000000cf8e400000,0x000000cf8e500000) (1024K)]
Total: 139

Other Threads:
  0x00000274f54ec460 VMThread "VM Thread"                           [id=9232, stack(0x000000cf85500000,0x000000cf85600000) (1024K)]
  0x00000274f54df470 WatcherThread "VM Periodic Task Thread"        [id=8272, stack(0x000000cf85400000,0x000000cf85500000) (1024K)]
  0x00000274df1565a0 WorkerThread "GC Thread#0"                     [id=17652, stack(0x000000cf84f00000,0x000000cf85000000) (1024K)]
  0x00000274fa12ed70 WorkerThread "GC Thread#1"                     [id=20860, stack(0x000000cf86100000,0x000000cf86200000) (1024K)]
  0x00000274fa12f120 WorkerThread "GC Thread#2"                     [id=19236, stack(0x000000cf86200000,0x000000cf86300000) (1024K)]
  0x00000274fa12f4d0 WorkerThread "GC Thread#3"                     [id=21768, stack(0x000000cf86300000,0x000000cf86400000) (1024K)]
  0x00000274fa12f880 WorkerThread "GC Thread#4"                     [id=23436, stack(0x000000cf86400000,0x000000cf86500000) (1024K)]
  0x00000274fa12fc30 WorkerThread "GC Thread#5"                     [id=11820, stack(0x000000cf86500000,0x000000cf86600000) (1024K)]
  0x00000274f596f990 WorkerThread "GC Thread#6"                     [id=3812, stack(0x000000cf87000000,0x000000cf87100000) (1024K)]
  0x00000274fbf3b1b0 WorkerThread "GC Thread#7"                     [id=18896, stack(0x000000cf87100000,0x000000cf87200000) (1024K)]
  0x00000274df15b4a0 ConcurrentGCThread "G1 Main Marker"            [id=17904, stack(0x000000cf85000000,0x000000cf85100000) (1024K)]
  0x00000274df15e400 WorkerThread "G1 Conc#0"                       [id=18700, stack(0x000000cf85100000,0x000000cf85200000) (1024K)]
  0x00000274fd566c40 WorkerThread "G1 Conc#1"                       [id=17192, stack(0x000000cf87800000,0x000000cf87900000) (1024K)]
  0x00000274df1ee870 ConcurrentGCThread "G1 Refine#0"               [id=2908, stack(0x000000cf85200000,0x000000cf85300000) (1024K)]
  0x00000274f53a9600 ConcurrentGCThread "G1 Service"                [id=11684, stack(0x000000cf85300000,0x000000cf85400000) (1024K)]
Total: 15

Threads with active compile tasks:
C2 CompilerThread0  350651 22377   !   4       org.gradle.api.internal.file.FileOrUriNotationConverter::convert (329 bytes)
Total: 1

VM state: not at safepoint (normal execution)

VM Mutex/Monitor currently owned by a thread: None

Heap address: 0x00000000e0000000, size: 512 MB, Compressed Oops mode: 32-bit

CDS archive(s) mapped at: [0x0000027480000000-0x0000027481c20000-0x0000027481c20000), size 29491200, SharedBaseAddress: 0x0000027480000000, ArchiveRelocationMode: 1.
Compressed class space mapped at: 0x0000027482000000-0x0000027496000000, reserved size: 335544320
Narrow klass base: 0x0000027480000000, Narrow klass shift: 0, Narrow klass range: 0x100000000

GC Precious Log:
 CardTable entry size: 512
 Card Set container configuration: InlinePtr #cards 5 size 8 Array Of Cards #cards 12 size 40 Howl #buckets 4 coarsen threshold 1843 Howl Bitmap #cards 512 size 80 coarsen threshold 460 Card regions per heap region 1 cards per card region 2048
 CPUs: 8 total, 8 available
 Memory: 6091M
 Large Page Support: Disabled
 NUMA Support: Disabled
 Compressed Oops: Enabled (32-bit)
 Heap Region Size: 1M
 Heap Min Capacity: 256M
 Heap Initial Capacity: 256M
 Heap Max Capacity: 512M
 Pre-touch: Disabled
 Parallel Workers: 8
 Concurrent Workers: 2
 Concurrent Refinement Workers: 8
 Periodic GC: Disabled

Heap:
 garbage-first heap   total 293888K, used 149057K [0x00000000e0000000, 0x0000000100000000)
  region size 1024K, 7 young (7168K), 5 survivors (5120K)
 Metaspace       used 125486K, committed 127872K, reserved 458752K
  class space    used 17192K, committed 18368K, reserved 327680K

Heap Regions: E=young(eden), S=young(survivor), O=old, HS=humongous(starts), HC=humongous(continues), CS=collection set, F=free, TAMS=top-at-mark-start, PB=parsable bottom
|   0|0x00000000e0000000, 0x00000000e0100000, 0x00000000e0100000|100%|HS|  |TAMS 0x00000000e0000000| PB 0x00000000e0000000| Complete 
|   1|0x00000000e0100000, 0x00000000e0200000, 0x00000000e0200000|100%|HC|  |TAMS 0x00000000e0100000| PB 0x00000000e0100000| Complete 
|   2|0x00000000e0200000, 0x00000000e0300000, 0x00000000e0300000|100%|HC|  |TAMS 0x00000000e0200000| PB 0x00000000e0200000| Complete 
|   3|0x00000000e0300000, 0x00000000e0400000, 0x00000000e0400000|100%| O|  |TAMS 0x00000000e0300000| PB 0x00000000e0300000| Untracked 
|   4|0x00000000e0400000, 0x00000000e0500000, 0x00000000e0500000|100%| O|  |TAMS 0x00000000e0400000| PB 0x00000000e0400000| Untracked 
|   5|0x00000000e0500000, 0x00000000e0600000, 0x00000000e0600000|100%| O|  |TAMS 0x00000000e0500000| PB 0x00000000e0500000| Untracked 
|   6|0x00000000e0600000, 0x00000000e0700000, 0x00000000e0700000|100%|HS|  |TAMS 0x00000000e0600000| PB 0x00000000e0600000| Complete 
|   7|0x00000000e0700000, 0x00000000e0800000, 0x00000000e0800000|100%| O|  |TAMS 0x00000000e0700000| PB 0x00000000e0700000| Untracked 
|   8|0x00000000e0800000, 0x00000000e0900000, 0x00000000e0900000|100%| O|  |TAMS 0x00000000e0800000| PB 0x00000000e0800000| Untracked 
|   9|0x00000000e0900000, 0x00000000e0a00000, 0x00000000e0a00000|100%| O|  |TAMS 0x00000000e0900000| PB 0x00000000e0900000| Untracked 
|  10|0x00000000e0a00000, 0x00000000e0b00000, 0x00000000e0b00000|100%| O|  |TAMS 0x00000000e0a00000| PB 0x00000000e0a00000| Untracked 
|  11|0x00000000e0b00000, 0x00000000e0c00000, 0x00000000e0c00000|100%| O|  |TAMS 0x00000000e0b00000| PB 0x00000000e0b00000| Untracked 
|  12|0x00000000e0c00000, 0x00000000e0d00000, 0x00000000e0d00000|100%| O|  |TAMS 0x00000000e0c00000| PB 0x00000000e0c00000| Untracked 
|  13|0x00000000e0d00000, 0x00000000e0e00000, 0x00000000e0e00000|100%| O|  |TAMS 0x00000000e0d00000| PB 0x00000000e0d00000| Untracked 
|  14|0x00000000e0e00000, 0x00000000e0f00000, 0x00000000e0f00000|100%| O|  |TAMS 0x00000000e0e00000| PB 0x00000000e0e00000| Untracked 
|  15|0x00000000e0f00000, 0x00000000e1000000, 0x00000000e1000000|100%| O|  |TAMS 0x00000000e0f00000| PB 0x00000000e0f00000| Untracked 
|  16|0x00000000e1000000, 0x00000000e1100000, 0x00000000e1100000|100%| O|  |TAMS 0x00000000e1000000| PB 0x00000000e1000000| Untracked 
|  17|0x00000000e1100000, 0x00000000e1200000, 0x00000000e1200000|100%| O|  |TAMS 0x00000000e1100000| PB 0x00000000e1100000| Untracked 
|  18|0x00000000e1200000, 0x00000000e1300000, 0x00000000e1300000|100%| O|  |TAMS 0x00000000e1200000| PB 0x00000000e1200000| Untracked 
|  19|0x00000000e1300000, 0x00000000e1400000, 0x00000000e1400000|100%| O|  |TAMS 0x00000000e1300000| PB 0x00000000e1300000| Untracked 
|  20|0x00000000e1400000, 0x00000000e1500000, 0x00000000e1500000|100%| O|  |TAMS 0x00000000e1400000| PB 0x00000000e1400000| Untracked 
|  21|0x00000000e1500000, 0x00000000e1600000, 0x00000000e1600000|100%| O|  |TAMS 0x00000000e1500000| PB 0x00000000e1500000| Untracked 
|  22|0x00000000e1600000, 0x00000000e1700000, 0x00000000e1700000|100%| O|  |TAMS 0x00000000e1600000| PB 0x00000000e1600000| Untracked 
|  23|0x00000000e1700000, 0x00000000e1800000, 0x00000000e1800000|100%| O|  |TAMS 0x00000000e1700000| PB 0x00000000e1700000| Untracked 
|  24|0x00000000e1800000, 0x00000000e1900000, 0x00000000e1900000|100%|HS|  |TAMS 0x00000000e1800000| PB 0x00000000e1800000| Complete 
|  25|0x00000000e1900000, 0x00000000e1a00000, 0x00000000e1a00000|100%| O|  |TAMS 0x00000000e1900000| PB 0x00000000e1900000| Untracked 
|  26|0x00000000e1a00000, 0x00000000e1b00000, 0x00000000e1b00000|100%| O|  |TAMS 0x00000000e1a00000| PB 0x00000000e1a00000| Untracked 
|  27|0x00000000e1b00000, 0x00000000e1c00000, 0x00000000e1c00000|100%| O|  |TAMS 0x00000000e1b00000| PB 0x00000000e1b00000| Untracked 
|  28|0x00000000e1c00000, 0x00000000e1d00000, 0x00000000e1d00000|100%| O|  |TAMS 0x00000000e1c00000| PB 0x00000000e1c00000| Untracked 
|  29|0x00000000e1d00000, 0x00000000e1e00000, 0x00000000e1e00000|100%| O|  |TAMS 0x00000000e1d00000| PB 0x00000000e1d00000| Untracked 
|  30|0x00000000e1e00000, 0x00000000e1f00000, 0x00000000e1f00000|100%| O|  |TAMS 0x00000000e1e00000| PB 0x00000000e1e00000| Untracked 
|  31|0x00000000e1f00000, 0x00000000e2000000, 0x00000000e2000000|100%| O|  |TAMS 0x00000000e1f00000| PB 0x00000000e1f00000| Untracked 
|  32|0x00000000e2000000, 0x00000000e2100000, 0x00000000e2100000|100%|HS|  |TAMS 0x00000000e2000000| PB 0x00000000e2000000| Complete 
|  33|0x00000000e2100000, 0x00000000e2200000, 0x00000000e2200000|100%|HS|  |TAMS 0x00000000e2100000| PB 0x00000000e2100000| Complete 
|  34|0x00000000e2200000, 0x00000000e2300000, 0x00000000e2300000|100%|HC|  |TAMS 0x00000000e2200000| PB 0x00000000e2200000| Complete 
|  35|0x00000000e2300000, 0x00000000e2400000, 0x00000000e2400000|100%|HS|  |TAMS 0x00000000e2300000| PB 0x00000000e2300000| Complete 
|  36|0x00000000e2400000, 0x00000000e2500000, 0x00000000e2500000|100%|HC|  |TAMS 0x00000000e2400000| PB 0x00000000e2400000| Complete 
|  37|0x00000000e2500000, 0x00000000e2600000, 0x00000000e2600000|100%|HS|  |TAMS 0x00000000e2500000| PB 0x00000000e2500000| Complete 
|  38|0x00000000e2600000, 0x00000000e2700000, 0x00000000e2700000|100%|HS|  |TAMS 0x00000000e2600000| PB 0x00000000e2600000| Complete 
|  39|0x00000000e2700000, 0x00000000e2800000, 0x00000000e2800000|100%| O|  |TAMS 0x00000000e2700000| PB 0x00000000e2700000| Untracked 
|  40|0x00000000e2800000, 0x00000000e2900000, 0x00000000e2900000|100%|HS|  |TAMS 0x00000000e2800000| PB 0x00000000e2800000| Complete 
|  41|0x00000000e2900000, 0x00000000e2a00000, 0x00000000e2a00000|100%|HS|  |TAMS 0x00000000e2900000| PB 0x00000000e2900000| Complete 
|  42|0x00000000e2a00000, 0x00000000e2b00000, 0x00000000e2b00000|100%| O|  |TAMS 0x00000000e2a00000| PB 0x00000000e2a00000| Untracked 
|  43|0x00000000e2b00000, 0x00000000e2c00000, 0x00000000e2c00000|100%| O|  |TAMS 0x00000000e2b00000| PB 0x00000000e2b00000| Untracked 
|  44|0x00000000e2c00000, 0x00000000e2d00000, 0x00000000e2d00000|100%| O|  |TAMS 0x00000000e2c00000| PB 0x00000000e2c00000| Untracked 
|  45|0x00000000e2d00000, 0x00000000e2e00000, 0x00000000e2e00000|100%| O|  |TAMS 0x00000000e2d00000| PB 0x00000000e2d00000| Untracked 
|  46|0x00000000e2e00000, 0x00000000e2f00000, 0x00000000e2f00000|100%| O|  |TAMS 0x00000000e2e00000| PB 0x00000000e2e00000| Untracked 
|  47|0x00000000e2f00000, 0x00000000e3000000, 0x00000000e3000000|100%| O|  |TAMS 0x00000000e2f00000| PB 0x00000000e2f00000| Untracked 
|  48|0x00000000e3000000, 0x00000000e3100000, 0x00000000e3100000|100%| O|  |TAMS 0x00000000e3000000| PB 0x00000000e3000000| Untracked 
|  49|0x00000000e3100000, 0x00000000e3200000, 0x00000000e3200000|100%| O|  |TAMS 0x00000000e3100000| PB 0x00000000e3100000| Untracked 
|  50|0x00000000e3200000, 0x00000000e3300000, 0x00000000e3300000|100%| O|  |TAMS 0x00000000e3200000| PB 0x00000000e3200000| Untracked 
|  51|0x00000000e3300000, 0x00000000e3400000, 0x00000000e3400000|100%| O|  |TAMS 0x00000000e3300000| PB 0x00000000e3300000| Untracked 
|  52|0x00000000e3400000, 0x00000000e3500000, 0x00000000e3500000|100%| O|  |TAMS 0x00000000e3400000| PB 0x00000000e3400000| Untracked 
|  53|0x00000000e3500000, 0x00000000e3600000, 0x00000000e3600000|100%| O|  |TAMS 0x00000000e3500000| PB 0x00000000e3500000| Untracked 
|  54|0x00000000e3600000, 0x00000000e3700000, 0x00000000e3700000|100%|HS|  |TAMS 0x00000000e3600000| PB 0x00000000e3600000| Complete 
|  55|0x00000000e3700000, 0x00000000e3800000, 0x00000000e3800000|100%| O|  |TAMS 0x00000000e3700000| PB 0x00000000e3700000| Untracked 
|  56|0x00000000e3800000, 0x00000000e3900000, 0x00000000e3900000|100%| O|  |TAMS 0x00000000e3800000| PB 0x00000000e3800000| Untracked 
|  57|0x00000000e3900000, 0x00000000e3a00000, 0x00000000e3a00000|100%| O|  |TAMS 0x00000000e3900000| PB 0x00000000e3900000| Untracked 
|  58|0x00000000e3a00000, 0x00000000e3b00000, 0x00000000e3b00000|100%| O|  |TAMS 0x00000000e3a00000| PB 0x00000000e3a00000| Untracked 
|  59|0x00000000e3b00000, 0x00000000e3c00000, 0x00000000e3c00000|100%| O|  |TAMS 0x00000000e3b00000| PB 0x00000000e3b00000| Untracked 
|  60|0x00000000e3c00000, 0x00000000e3d00000, 0x00000000e3d00000|100%| O|  |TAMS 0x00000000e3c00000| PB 0x00000000e3c00000| Untracked 
|  61|0x00000000e3d00000, 0x00000000e3e00000, 0x00000000e3e00000|100%| O|  |TAMS 0x00000000e3d00000| PB 0x00000000e3d00000| Untracked 
|  62|0x00000000e3e00000, 0x00000000e3f00000, 0x00000000e3f00000|100%| O|  |TAMS 0x00000000e3e00000| PB 0x00000000e3e00000| Untracked 
|  63|0x00000000e3f00000, 0x00000000e4000000, 0x00000000e4000000|100%| O|  |TAMS 0x00000000e3f00000| PB 0x00000000e3f00000| Untracked 
|  64|0x00000000e4000000, 0x00000000e4100000, 0x00000000e4100000|100%| O|  |TAMS 0x00000000e4000000| PB 0x00000000e4000000| Untracked 
|  65|0x00000000e4100000, 0x00000000e4100000, 0x00000000e4200000|  0%| F|  |TAMS 0x00000000e4100000| PB 0x00000000e4100000| Untracked 
|  66|0x00000000e4200000, 0x00000000e4300000, 0x00000000e4300000|100%| O|  |TAMS 0x00000000e4200000| PB 0x00000000e4200000| Untracked 
|  67|0x00000000e4300000, 0x00000000e4400000, 0x00000000e4400000|100%| O|  |TAMS 0x00000000e4300000| PB 0x00000000e4300000| Untracked 
|  68|0x00000000e4400000, 0x00000000e4500000, 0x00000000e4500000|100%| O|  |TAMS 0x00000000e4400000| PB 0x00000000e4400000| Untracked 
|  69|0x00000000e4500000, 0x00000000e4600000, 0x00000000e4600000|100%| O|  |TAMS 0x00000000e4500000| PB 0x00000000e4500000| Untracked 
|  70|0x00000000e4600000, 0x00000000e4700000, 0x00000000e4700000|100%| O|  |TAMS 0x00000000e4600000| PB 0x00000000e4600000| Untracked 
|  71|0x00000000e4700000, 0x00000000e4800000, 0x00000000e4800000|100%| O|  |TAMS 0x00000000e4700000| PB 0x00000000e4700000| Untracked 
|  72|0x00000000e4800000, 0x00000000e4900000, 0x00000000e4900000|100%| O|  |TAMS 0x00000000e4800000| PB 0x00000000e4800000| Untracked 
|  73|0x00000000e4900000, 0x00000000e4a00000, 0x00000000e4a00000|100%| O|  |TAMS 0x00000000e4900000| PB 0x00000000e4900000| Untracked 
|  74|0x00000000e4a00000, 0x00000000e4b00000, 0x00000000e4b00000|100%| O|  |TAMS 0x00000000e4a00000| PB 0x00000000e4a00000| Untracked 
|  75|0x00000000e4b00000, 0x00000000e4c00000, 0x00000000e4c00000|100%| O|  |TAMS 0x00000000e4b00000| PB 0x00000000e4b00000| Untracked 
|  76|0x00000000e4c00000, 0x00000000e4d00000, 0x00000000e4d00000|100%| O|  |TAMS 0x00000000e4c00000| PB 0x00000000e4c00000| Untracked 
|  77|0x00000000e4d00000, 0x00000000e4e00000, 0x00000000e4e00000|100%| O|  |TAMS 0x00000000e4d00000| PB 0x00000000e4d00000| Untracked 
|  78|0x00000000e4e00000, 0x00000000e4f00000, 0x00000000e4f00000|100%| O|  |TAMS 0x00000000e4e00000| PB 0x00000000e4e00000| Untracked 
|  79|0x00000000e4f00000, 0x00000000e5000000, 0x00000000e5000000|100%| O|  |TAMS 0x00000000e4f00000| PB 0x00000000e4f00000| Untracked 
|  80|0x00000000e5000000, 0x00000000e5100000, 0x00000000e5100000|100%| O|  |TAMS 0x00000000e5000000| PB 0x00000000e5000000| Untracked 
|  81|0x00000000e5100000, 0x00000000e5200000, 0x00000000e5200000|100%| O|  |TAMS 0x00000000e5100000| PB 0x00000000e5100000| Untracked 
|  82|0x00000000e5200000, 0x00000000e5300000, 0x00000000e5300000|100%| O|  |TAMS 0x00000000e5200000| PB 0x00000000e5200000| Untracked 
|  83|0x00000000e5300000, 0x00000000e5400000, 0x00000000e5400000|100%| O|  |TAMS 0x00000000e5300000| PB 0x00000000e5300000| Untracked 
|  84|0x00000000e5400000, 0x00000000e5500000, 0x00000000e5500000|100%| O|  |TAMS 0x00000000e5400000| PB 0x00000000e5400000| Untracked 
|  85|0x00000000e5500000, 0x00000000e5600000, 0x00000000e5600000|100%| O|  |TAMS 0x00000000e5500000| PB 0x00000000e5500000| Untracked 
|  86|0x00000000e5600000, 0x00000000e5700000, 0x00000000e5700000|100%| O|  |TAMS 0x00000000e5600000| PB 0x00000000e5600000| Untracked 
|  87|0x00000000e5700000, 0x00000000e5800000, 0x00000000e5800000|100%| O|  |TAMS 0x00000000e5700000| PB 0x00000000e5700000| Untracked 
|  88|0x00000000e5800000, 0x00000000e5900000, 0x00000000e5900000|100%| O|  |TAMS 0x00000000e5800000| PB 0x00000000e5800000| Untracked 
|  89|0x00000000e5900000, 0x00000000e5a00000, 0x00000000e5a00000|100%| O|  |TAMS 0x00000000e5900000| PB 0x00000000e5900000| Untracked 
|  90|0x00000000e5a00000, 0x00000000e5b00000, 0x00000000e5b00000|100%| O|  |TAMS 0x00000000e5a00000| PB 0x00000000e5a00000| Untracked 
|  91|0x00000000e5b00000, 0x00000000e5c00000, 0x00000000e5c00000|100%| O|  |TAMS 0x00000000e5b00000| PB 0x00000000e5b00000| Untracked 
|  92|0x00000000e5c00000, 0x00000000e5d00000, 0x00000000e5d00000|100%| O|  |TAMS 0x00000000e5c00000| PB 0x00000000e5c00000| Untracked 
|  93|0x00000000e5d00000, 0x00000000e5e00000, 0x00000000e5e00000|100%| O|  |TAMS 0x00000000e5d00000| PB 0x00000000e5d00000| Untracked 
|  94|0x00000000e5e00000, 0x00000000e5f00000, 0x00000000e5f00000|100%| O|  |TAMS 0x00000000e5e00000| PB 0x00000000e5e00000| Untracked 
|  95|0x00000000e5f00000, 0x00000000e6000000, 0x00000000e6000000|100%| O|  |TAMS 0x00000000e5f00000| PB 0x00000000e5f00000| Untracked 
|  96|0x00000000e6000000, 0x00000000e6100000, 0x00000000e6100000|100%| O|  |TAMS 0x00000000e6000000| PB 0x00000000e6000000| Untracked 
|  97|0x00000000e6100000, 0x00000000e6200000, 0x00000000e6200000|100%| O|  |TAMS 0x00000000e6100000| PB 0x00000000e6100000| Untracked 
|  98|0x00000000e6200000, 0x00000000e6300000, 0x00000000e6300000|100%| O|  |TAMS 0x00000000e6200000| PB 0x00000000e6200000| Untracked 
|  99|0x00000000e6300000, 0x00000000e6400000, 0x00000000e6400000|100%| O|  |TAMS 0x00000000e6300000| PB 0x00000000e6300000| Untracked 
| 100|0x00000000e6400000, 0x00000000e6500000, 0x00000000e6500000|100%| O|  |TAMS 0x00000000e6400000| PB 0x00000000e6400000| Untracked 
| 101|0x00000000e6500000, 0x00000000e6600000, 0x00000000e6600000|100%| O|  |TAMS 0x00000000e6500000| PB 0x00000000e6500000| Untracked 
| 102|0x00000000e6600000, 0x00000000e6700000, 0x00000000e6700000|100%| O|  |TAMS 0x00000000e6600000| PB 0x00000000e6600000| Untracked 
| 103|0x00000000e6700000, 0x00000000e6800000, 0x00000000e6800000|100%| O|  |TAMS 0x00000000e6700000| PB 0x00000000e6700000| Untracked 
| 104|0x00000000e6800000, 0x00000000e6900000, 0x00000000e6900000|100%| O|  |TAMS 0x00000000e6800000| PB 0x00000000e6800000| Untracked 
| 105|0x00000000e6900000, 0x00000000e6a00000, 0x00000000e6a00000|100%| O|  |TAMS 0x00000000e6900000| PB 0x00000000e6900000| Untracked 
| 106|0x00000000e6a00000, 0x00000000e6b00000, 0x00000000e6b00000|100%| O|  |TAMS 0x00000000e6a00000| PB 0x00000000e6a00000| Untracked 
| 107|0x00000000e6b00000, 0x00000000e6b00000, 0x00000000e6c00000|  0%| F|  |TAMS 0x00000000e6b00000| PB 0x00000000e6b00000| Untracked 
| 108|0x00000000e6c00000, 0x00000000e6c00000, 0x00000000e6d00000|  0%| F|  |TAMS 0x00000000e6c00000| PB 0x00000000e6c00000| Untracked 
| 109|0x00000000e6d00000, 0x00000000e6d00000, 0x00000000e6e00000|  0%| F|  |TAMS 0x00000000e6d00000| PB 0x00000000e6d00000| Untracked 
| 110|0x00000000e6e00000, 0x00000000e6f00000, 0x00000000e6f00000|100%| O|  |TAMS 0x00000000e6e00000| PB 0x00000000e6e00000| Untracked 
| 111|0x00000000e6f00000, 0x00000000e7000000, 0x00000000e7000000|100%| O|  |TAMS 0x00000000e6f00000| PB 0x00000000e6f00000| Untracked 
| 112|0x00000000e7000000, 0x00000000e7100000, 0x00000000e7100000|100%| O|  |TAMS 0x00000000e7000000| PB 0x00000000e7000000| Untracked 
| 113|0x00000000e7100000, 0x00000000e7200000, 0x00000000e7200000|100%| O|  |TAMS 0x00000000e7100000| PB 0x00000000e7100000| Untracked 
| 114|0x00000000e7200000, 0x00000000e7300000, 0x00000000e7300000|100%| O|  |TAMS 0x00000000e7200000| PB 0x00000000e7200000| Untracked 
| 115|0x00000000e7300000, 0x00000000e7400000, 0x00000000e7400000|100%| O|  |TAMS 0x00000000e7300000| PB 0x00000000e7300000| Untracked 
| 116|0x00000000e7400000, 0x00000000e7500000, 0x00000000e7500000|100%| O|  |TAMS 0x00000000e7400000| PB 0x00000000e7400000| Untracked 
| 117|0x00000000e7500000, 0x00000000e7600000, 0x00000000e7600000|100%| O|  |TAMS 0x00000000e7500000| PB 0x00000000e7500000| Untracked 
| 118|0x00000000e7600000, 0x00000000e7700000, 0x00000000e7700000|100%| O|  |TAMS 0x00000000e7600000| PB 0x00000000e7600000| Untracked 
| 119|0x00000000e7700000, 0x00000000e7800000, 0x00000000e7800000|100%| O|  |TAMS 0x00000000e7700000| PB 0x00000000e7700000| Untracked 
| 120|0x00000000e7800000, 0x00000000e7900000, 0x00000000e7900000|100%| O|  |TAMS 0x00000000e7800000| PB 0x00000000e7800000| Untracked 
| 121|0x00000000e7900000, 0x00000000e7a00000, 0x00000000e7a00000|100%| O|  |TAMS 0x00000000e7900000| PB 0x00000000e7900000| Untracked 
| 122|0x00000000e7a00000, 0x00000000e7b00000, 0x00000000e7b00000|100%| O|  |TAMS 0x00000000e7a00000| PB 0x00000000e7a00000| Untracked 
| 123|0x00000000e7b00000, 0x00000000e7c00000, 0x00000000e7c00000|100%| O|  |TAMS 0x00000000e7b00000| PB 0x00000000e7b00000| Untracked 
| 124|0x00000000e7c00000, 0x00000000e7d00000, 0x00000000e7d00000|100%| O|  |TAMS 0x00000000e7c00000| PB 0x00000000e7c00000| Untracked 
| 125|0x00000000e7d00000, 0x00000000e7e00000, 0x00000000e7e00000|100%| O|  |TAMS 0x00000000e7d00000| PB 0x00000000e7d00000| Untracked 
| 126|0x00000000e7e00000, 0x00000000e7f00000, 0x00000000e7f00000|100%| O|  |TAMS 0x00000000e7e00000| PB 0x00000000e7e00000| Untracked 
| 127|0x00000000e7f00000, 0x00000000e8000000, 0x00000000e8000000|100%| O|  |TAMS 0x00000000e7f00000| PB 0x00000000e7f00000| Untracked 
| 128|0x00000000e8000000, 0x00000000e8100000, 0x00000000e8100000|100%| O|  |TAMS 0x00000000e8000000| PB 0x00000000e8000000| Untracked 
| 129|0x00000000e8100000, 0x00000000e8100000, 0x00000000e8200000|  0%| F|  |TAMS 0x00000000e8100000| PB 0x00000000e8100000| Untracked 
| 130|0x00000000e8200000, 0x00000000e8300000, 0x00000000e8300000|100%| O|  |TAMS 0x00000000e8200000| PB 0x00000000e8200000| Untracked 
| 131|0x00000000e8300000, 0x00000000e8400000, 0x00000000e8400000|100%| O|  |TAMS 0x00000000e8300000| PB 0x00000000e8300000| Untracked 
| 132|0x00000000e8400000, 0x00000000e8500000, 0x00000000e8500000|100%| O|  |TAMS 0x00000000e8400000| PB 0x00000000e8400000| Untracked 
| 133|0x00000000e8500000, 0x00000000e8500000, 0x00000000e8600000|  0%| F|  |TAMS 0x00000000e8500000| PB 0x00000000e8500000| Untracked 
| 134|0x00000000e8600000, 0x00000000e8600000, 0x00000000e8700000|  0%| F|  |TAMS 0x00000000e8600000| PB 0x00000000e8600000| Untracked 
| 135|0x00000000e8700000, 0x00000000e8800000, 0x00000000e8800000|100%| O|  |TAMS 0x00000000e8700000| PB 0x00000000e8700000| Untracked 
| 136|0x00000000e8800000, 0x00000000e8800000, 0x00000000e8900000|  0%| F|  |TAMS 0x00000000e8800000| PB 0x00000000e8800000| Untracked 
| 137|0x00000000e8900000, 0x00000000e8900000, 0x00000000e8a00000|  0%| F|  |TAMS 0x00000000e8900000| PB 0x00000000e8900000| Untracked 
| 138|0x00000000e8a00000, 0x00000000e8a00000, 0x00000000e8b00000|  0%| F|  |TAMS 0x00000000e8a00000| PB 0x00000000e8a00000| Untracked 
| 139|0x00000000e8b00000, 0x00000000e8c00000, 0x00000000e8c00000|100%| O|  |TAMS 0x00000000e8b00000| PB 0x00000000e8b00000| Untracked 
| 140|0x00000000e8c00000, 0x00000000e8d00000, 0x00000000e8d00000|100%| O|  |TAMS 0x00000000e8c00000| PB 0x00000000e8c00000| Untracked 
| 141|0x00000000e8d00000, 0x00000000e8e00000, 0x00000000e8e00000|100%| O|  |TAMS 0x00000000e8d00000| PB 0x00000000e8d00000| Untracked 
| 142|0x00000000e8e00000, 0x00000000e8f00000, 0x00000000e8f00000|100%| O|  |TAMS 0x00000000e8e00000| PB 0x00000000e8e00000| Untracked 
| 143|0x00000000e8f00000, 0x00000000e9000000, 0x00000000e9000000|100%| O|  |TAMS 0x00000000e8f00000| PB 0x00000000e8f00000| Untracked 
| 144|0x00000000e9000000, 0x00000000e9000000, 0x00000000e9100000|  0%| F|  |TAMS 0x00000000e9000000| PB 0x00000000e9000000| Untracked 
| 145|0x00000000e9100000, 0x00000000e9100000, 0x00000000e9200000|  0%| F|  |TAMS 0x00000000e9100000| PB 0x00000000e9100000| Untracked 
| 146|0x00000000e9200000, 0x00000000e9200000, 0x00000000e9300000|  0%| F|  |TAMS 0x00000000e9200000| PB 0x00000000e9200000| Untracked 
| 147|0x00000000e9300000, 0x00000000e9300000, 0x00000000e9400000|  0%| F|  |TAMS 0x00000000e9300000| PB 0x00000000e9300000| Untracked 
| 148|0x00000000e9400000, 0x00000000e9500000, 0x00000000e9500000|100%| O|  |TAMS 0x00000000e9400000| PB 0x00000000e9400000| Untracked 
| 149|0x00000000e9500000, 0x00000000e9500000, 0x00000000e9600000|  0%| F|  |TAMS 0x00000000e9500000| PB 0x00000000e9500000| Untracked 
| 150|0x00000000e9600000, 0x00000000e9700000, 0x00000000e9700000|100%| O|  |TAMS 0x00000000e9600000| PB 0x00000000e9600000| Untracked 
| 151|0x00000000e9700000, 0x00000000e9800000, 0x00000000e9800000|100%| O|  |TAMS 0x00000000e9700000| PB 0x00000000e9700000| Untracked 
| 152|0x00000000e9800000, 0x00000000e98b3180, 0x00000000e9900000| 69%| O|  |TAMS 0x00000000e9800000| PB 0x00000000e9800000| Untracked 
| 153|0x00000000e9900000, 0x00000000e9900000, 0x00000000e9a00000|  0%| F|  |TAMS 0x00000000e9900000| PB 0x00000000e9900000| Untracked 
| 154|0x00000000e9a00000, 0x00000000e9a00000, 0x00000000e9b00000|  0%| F|  |TAMS 0x00000000e9a00000| PB 0x00000000e9a00000| Untracked 
| 155|0x00000000e9b00000, 0x00000000e9b00000, 0x00000000e9c00000|  0%| F|  |TAMS 0x00000000e9b00000| PB 0x00000000e9b00000| Untracked 
| 156|0x00000000e9c00000, 0x00000000e9c00000, 0x00000000e9d00000|  0%| F|  |TAMS 0x00000000e9c00000| PB 0x00000000e9c00000| Untracked 
| 157|0x00000000e9d00000, 0x00000000e9d00000, 0x00000000e9e00000|  0%| F|  |TAMS 0x00000000e9d00000| PB 0x00000000e9d00000| Untracked 
| 158|0x00000000e9e00000, 0x00000000e9e00000, 0x00000000e9f00000|  0%| F|  |TAMS 0x00000000e9e00000| PB 0x00000000e9e00000| Untracked 
| 159|0x00000000e9f00000, 0x00000000e9f00000, 0x00000000ea000000|  0%| F|  |TAMS 0x00000000e9f00000| PB 0x00000000e9f00000| Untracked 
| 160|0x00000000ea000000, 0x00000000ea000000, 0x00000000ea100000|  0%| F|  |TAMS 0x00000000ea000000| PB 0x00000000ea000000| Untracked 
| 161|0x00000000ea100000, 0x00000000ea1dd2e8, 0x00000000ea200000| 86%| S|CS|TAMS 0x00000000ea100000| PB 0x00000000ea100000| Complete 
| 162|0x00000000ea200000, 0x00000000ea300000, 0x00000000ea300000|100%| S|CS|TAMS 0x00000000ea200000| PB 0x00000000ea200000| Complete 
| 163|0x00000000ea300000, 0x00000000ea400000, 0x00000000ea400000|100%| S|CS|TAMS 0x00000000ea300000| PB 0x00000000ea300000| Complete 
| 164|0x00000000ea400000, 0x00000000ea500000, 0x00000000ea500000|100%| S|CS|TAMS 0x00000000ea400000| PB 0x00000000ea400000| Complete 
| 165|0x00000000ea500000, 0x00000000ea600000, 0x00000000ea600000|100%| S|CS|TAMS 0x00000000ea500000| PB 0x00000000ea500000| Complete 
| 166|0x00000000ea600000, 0x00000000ea600000, 0x00000000ea700000|  0%| F|  |TAMS 0x00000000ea600000| PB 0x00000000ea600000| Untracked 
| 167|0x00000000ea700000, 0x00000000ea700000, 0x00000000ea800000|  0%| F|  |TAMS 0x00000000ea700000| PB 0x00000000ea700000| Untracked 
| 168|0x00000000ea800000, 0x00000000ea800000, 0x00000000ea900000|  0%| F|  |TAMS 0x00000000ea800000| PB 0x00000000ea800000| Untracked 
| 169|0x00000000ea900000, 0x00000000ea900000, 0x00000000eaa00000|  0%| F|  |TAMS 0x00000000ea900000| PB 0x00000000ea900000| Untracked 
| 170|0x00000000eaa00000, 0x00000000eab00000, 0x00000000eab00000|100%| O|  |TAMS 0x00000000eaa00000| PB 0x00000000eaa00000| Untracked 
| 171|0x00000000eab00000, 0x00000000eab00000, 0x00000000eac00000|  0%| F|  |TAMS 0x00000000eab00000| PB 0x00000000eab00000| Untracked 
| 172|0x00000000eac00000, 0x00000000eac00000, 0x00000000ead00000|  0%| F|  |TAMS 0x00000000eac00000| PB 0x00000000eac00000| Untracked 
| 173|0x00000000ead00000, 0x00000000ead00000, 0x00000000eae00000|  0%| F|  |TAMS 0x00000000ead00000| PB 0x00000000ead00000| Untracked 
| 174|0x00000000eae00000, 0x00000000eae00000, 0x00000000eaf00000|  0%| F|  |TAMS 0x00000000eae00000| PB 0x00000000eae00000| Untracked 
| 175|0x00000000eaf00000, 0x00000000eaf00000, 0x00000000eb000000|  0%| F|  |TAMS 0x00000000eaf00000| PB 0x00000000eaf00000| Untracked 
| 176|0x00000000eb000000, 0x00000000eb000000, 0x00000000eb100000|  0%| F|  |TAMS 0x00000000eb000000| PB 0x00000000eb000000| Untracked 
| 177|0x00000000eb100000, 0x00000000eb100000, 0x00000000eb200000|  0%| F|  |TAMS 0x00000000eb100000| PB 0x00000000eb100000| Untracked 
| 178|0x00000000eb200000, 0x00000000eb200000, 0x00000000eb300000|  0%| F|  |TAMS 0x00000000eb200000| PB 0x00000000eb200000| Untracked 
| 179|0x00000000eb300000, 0x00000000eb300000, 0x00000000eb400000|  0%| F|  |TAMS 0x00000000eb300000| PB 0x00000000eb300000| Untracked 
| 180|0x00000000eb400000, 0x00000000eb400000, 0x00000000eb500000|  0%| F|  |TAMS 0x00000000eb400000| PB 0x00000000eb400000| Untracked 
| 181|0x00000000eb500000, 0x00000000eb500000, 0x00000000eb600000|  0%| F|  |TAMS 0x00000000eb500000| PB 0x00000000eb500000| Untracked 
| 182|0x00000000eb600000, 0x00000000eb600000, 0x00000000eb700000|  0%| F|  |TAMS 0x00000000eb600000| PB 0x00000000eb600000| Untracked 
| 183|0x00000000eb700000, 0x00000000eb700000, 0x00000000eb800000|  0%| F|  |TAMS 0x00000000eb700000| PB 0x00000000eb700000| Untracked 
| 184|0x00000000eb800000, 0x00000000eb800000, 0x00000000eb900000|  0%| F|  |TAMS 0x00000000eb800000| PB 0x00000000eb800000| Untracked 
| 185|0x00000000eb900000, 0x00000000eb900000, 0x00000000eba00000|  0%| F|  |TAMS 0x00000000eb900000| PB 0x00000000eb900000| Untracked 
| 186|0x00000000eba00000, 0x00000000eba00000, 0x00000000ebb00000|  0%| F|  |TAMS 0x00000000eba00000| PB 0x00000000eba00000| Untracked 
| 187|0x00000000ebb00000, 0x00000000ebb00000, 0x00000000ebc00000|  0%| F|  |TAMS 0x00000000ebb00000| PB 0x00000000ebb00000| Untracked 
| 188|0x00000000ebc00000, 0x00000000ebc00000, 0x00000000ebd00000|  0%| F|  |TAMS 0x00000000ebc00000| PB 0x00000000ebc00000| Untracked 
| 189|0x00000000ebd00000, 0x00000000ebd00000, 0x00000000ebe00000|  0%| F|  |TAMS 0x00000000ebd00000| PB 0x00000000ebd00000| Untracked 
| 190|0x00000000ebe00000, 0x00000000ebe00000, 0x00000000ebf00000|  0%| F|  |TAMS 0x00000000ebe00000| PB 0x00000000ebe00000| Untracked 
| 191|0x00000000ebf00000, 0x00000000ebf00000, 0x00000000ec000000|  0%| F|  |TAMS 0x00000000ebf00000| PB 0x00000000ebf00000| Untracked 
| 192|0x00000000ec000000, 0x00000000ec000000, 0x00000000ec100000|  0%| F|  |TAMS 0x00000000ec000000| PB 0x00000000ec000000| Untracked 
| 193|0x00000000ec100000, 0x00000000ec100000, 0x00000000ec200000|  0%| F|  |TAMS 0x00000000ec100000| PB 0x00000000ec100000| Untracked 
| 194|0x00000000ec200000, 0x00000000ec200000, 0x00000000ec300000|  0%| F|  |TAMS 0x00000000ec200000| PB 0x00000000ec200000| Untracked 
| 195|0x00000000ec300000, 0x00000000ec300000, 0x00000000ec400000|  0%| F|  |TAMS 0x00000000ec300000| PB 0x00000000ec300000| Untracked 
| 196|0x00000000ec400000, 0x00000000ec400000, 0x00000000ec500000|  0%| F|  |TAMS 0x00000000ec400000| PB 0x00000000ec400000| Untracked 
| 197|0x00000000ec500000, 0x00000000ec500000, 0x00000000ec600000|  0%| F|  |TAMS 0x00000000ec500000| PB 0x00000000ec500000| Untracked 
| 198|0x00000000ec600000, 0x00000000ec600000, 0x00000000ec700000|  0%| F|  |TAMS 0x00000000ec600000| PB 0x00000000ec600000| Untracked 
| 199|0x00000000ec700000, 0x00000000ec700000, 0x00000000ec800000|  0%| F|  |TAMS 0x00000000ec700000| PB 0x00000000ec700000| Untracked 
| 200|0x00000000ec800000, 0x00000000ec800000, 0x00000000ec900000|  0%| F|  |TAMS 0x00000000ec800000| PB 0x00000000ec800000| Untracked 
| 201|0x00000000ec900000, 0x00000000ec900000, 0x00000000eca00000|  0%| F|  |TAMS 0x00000000ec900000| PB 0x00000000ec900000| Untracked 
| 202|0x00000000eca00000, 0x00000000eca00000, 0x00000000ecb00000|  0%| F|  |TAMS 0x00000000eca00000| PB 0x00000000eca00000| Untracked 
| 203|0x00000000ecb00000, 0x00000000ecb00000, 0x00000000ecc00000|  0%| F|  |TAMS 0x00000000ecb00000| PB 0x00000000ecb00000| Untracked 
| 204|0x00000000ecc00000, 0x00000000ecc00000, 0x00000000ecd00000|  0%| F|  |TAMS 0x00000000ecc00000| PB 0x00000000ecc00000| Untracked 
| 205|0x00000000ecd00000, 0x00000000ecd00000, 0x00000000ece00000|  0%| F|  |TAMS 0x00000000ecd00000| PB 0x00000000ecd00000| Untracked 
| 206|0x00000000ece00000, 0x00000000ece00000, 0x00000000ecf00000|  0%| F|  |TAMS 0x00000000ece00000| PB 0x00000000ece00000| Untracked 
| 207|0x00000000ecf00000, 0x00000000ecf00000, 0x00000000ed000000|  0%| F|  |TAMS 0x00000000ecf00000| PB 0x00000000ecf00000| Untracked 
| 208|0x00000000ed000000, 0x00000000ed000000, 0x00000000ed100000|  0%| F|  |TAMS 0x00000000ed000000| PB 0x00000000ed000000| Untracked 
| 209|0x00000000ed100000, 0x00000000ed100000, 0x00000000ed200000|  0%| F|  |TAMS 0x00000000ed100000| PB 0x00000000ed100000| Untracked 
| 210|0x00000000ed200000, 0x00000000ed200000, 0x00000000ed300000|  0%| F|  |TAMS 0x00000000ed200000| PB 0x00000000ed200000| Untracked 
| 211|0x00000000ed300000, 0x00000000ed300000, 0x00000000ed400000|  0%| F|  |TAMS 0x00000000ed300000| PB 0x00000000ed300000| Untracked 
| 212|0x00000000ed400000, 0x00000000ed400000, 0x00000000ed500000|  0%| F|  |TAMS 0x00000000ed400000| PB 0x00000000ed400000| Untracked 
| 213|0x00000000ed500000, 0x00000000ed500000, 0x00000000ed600000|  0%| F|  |TAMS 0x00000000ed500000| PB 0x00000000ed500000| Untracked 
| 214|0x00000000ed600000, 0x00000000ed600000, 0x00000000ed700000|  0%| F|  |TAMS 0x00000000ed600000| PB 0x00000000ed600000| Untracked 
| 215|0x00000000ed700000, 0x00000000ed700000, 0x00000000ed800000|  0%| F|  |TAMS 0x00000000ed700000| PB 0x00000000ed700000| Untracked 
| 216|0x00000000ed800000, 0x00000000ed800000, 0x00000000ed900000|  0%| F|  |TAMS 0x00000000ed800000| PB 0x00000000ed800000| Untracked 
| 217|0x00000000ed900000, 0x00000000ed900000, 0x00000000eda00000|  0%| F|  |TAMS 0x00000000ed900000| PB 0x00000000ed900000| Untracked 
| 218|0x00000000eda00000, 0x00000000eda00000, 0x00000000edb00000|  0%| F|  |TAMS 0x00000000eda00000| PB 0x00000000eda00000| Untracked 
| 219|0x00000000edb00000, 0x00000000edb00000, 0x00000000edc00000|  0%| F|  |TAMS 0x00000000edb00000| PB 0x00000000edb00000| Untracked 
| 220|0x00000000edc00000, 0x00000000edc00000, 0x00000000edd00000|  0%| F|  |TAMS 0x00000000edc00000| PB 0x00000000edc00000| Untracked 
| 221|0x00000000edd00000, 0x00000000edd00000, 0x00000000ede00000|  0%| F|  |TAMS 0x00000000edd00000| PB 0x00000000edd00000| Untracked 
| 222|0x00000000ede00000, 0x00000000ede00000, 0x00000000edf00000|  0%| F|  |TAMS 0x00000000ede00000| PB 0x00000000ede00000| Untracked 
| 223|0x00000000edf00000, 0x00000000edf00000, 0x00000000ee000000|  0%| F|  |TAMS 0x00000000edf00000| PB 0x00000000edf00000| Untracked 
| 224|0x00000000ee000000, 0x00000000ee000000, 0x00000000ee100000|  0%| F|  |TAMS 0x00000000ee000000| PB 0x00000000ee000000| Untracked 
| 225|0x00000000ee100000, 0x00000000ee100000, 0x00000000ee200000|  0%| F|  |TAMS 0x00000000ee100000| PB 0x00000000ee100000| Untracked 
| 226|0x00000000ee200000, 0x00000000ee200000, 0x00000000ee300000|  0%| F|  |TAMS 0x00000000ee200000| PB 0x00000000ee200000| Untracked 
| 227|0x00000000ee300000, 0x00000000ee300000, 0x00000000ee400000|  0%| F|  |TAMS 0x00000000ee300000| PB 0x00000000ee300000| Untracked 
| 228|0x00000000ee400000, 0x00000000ee400000, 0x00000000ee500000|  0%| F|  |TAMS 0x00000000ee400000| PB 0x00000000ee400000| Untracked 
| 229|0x00000000ee500000, 0x00000000ee500000, 0x00000000ee600000|  0%| F|  |TAMS 0x00000000ee500000| PB 0x00000000ee500000| Untracked 
| 230|0x00000000ee600000, 0x00000000ee600000, 0x00000000ee700000|  0%| F|  |TAMS 0x00000000ee600000| PB 0x00000000ee600000| Untracked 
| 231|0x00000000ee700000, 0x00000000ee700000, 0x00000000ee800000|  0%| F|  |TAMS 0x00000000ee700000| PB 0x00000000ee700000| Untracked 
| 232|0x00000000ee800000, 0x00000000ee800000, 0x00000000ee900000|  0%| F|  |TAMS 0x00000000ee800000| PB 0x00000000ee800000| Untracked 
| 233|0x00000000ee900000, 0x00000000ee900000, 0x00000000eea00000|  0%| F|  |TAMS 0x00000000ee900000| PB 0x00000000ee900000| Untracked 
| 234|0x00000000eea00000, 0x00000000eea00000, 0x00000000eeb00000|  0%| F|  |TAMS 0x00000000eea00000| PB 0x00000000eea00000| Untracked 
| 235|0x00000000eeb00000, 0x00000000eeb00000, 0x00000000eec00000|  0%| F|  |TAMS 0x00000000eeb00000| PB 0x00000000eeb00000| Untracked 
| 236|0x00000000eec00000, 0x00000000eec00000, 0x00000000eed00000|  0%| F|  |TAMS 0x00000000eec00000| PB 0x00000000eec00000| Untracked 
| 237|0x00000000eed00000, 0x00000000eed00000, 0x00000000eee00000|  0%| F|  |TAMS 0x00000000eed00000| PB 0x00000000eed00000| Untracked 
| 238|0x00000000eee00000, 0x00000000eee00000, 0x00000000eef00000|  0%| F|  |TAMS 0x00000000eee00000| PB 0x00000000eee00000| Untracked 
| 239|0x00000000eef00000, 0x00000000eef00000, 0x00000000ef000000|  0%| F|  |TAMS 0x00000000eef00000| PB 0x00000000eef00000| Untracked 
| 240|0x00000000ef000000, 0x00000000ef000000, 0x00000000ef100000|  0%| F|  |TAMS 0x00000000ef000000| PB 0x00000000ef000000| Untracked 
| 241|0x00000000ef100000, 0x00000000ef100000, 0x00000000ef200000|  0%| F|  |TAMS 0x00000000ef100000| PB 0x00000000ef100000| Untracked 
| 242|0x00000000ef200000, 0x00000000ef200000, 0x00000000ef300000|  0%| F|  |TAMS 0x00000000ef200000| PB 0x00000000ef200000| Untracked 
| 243|0x00000000ef300000, 0x00000000ef300000, 0x00000000ef400000|  0%| F|  |TAMS 0x00000000ef300000| PB 0x00000000ef300000| Untracked 
| 244|0x00000000ef400000, 0x00000000ef400000, 0x00000000ef500000|  0%| F|  |TAMS 0x00000000ef400000| PB 0x00000000ef400000| Untracked 
| 245|0x00000000ef500000, 0x00000000ef500000, 0x00000000ef600000|  0%| F|  |TAMS 0x00000000ef500000| PB 0x00000000ef500000| Untracked 
| 246|0x00000000ef600000, 0x00000000ef600000, 0x00000000ef700000|  0%| F|  |TAMS 0x00000000ef600000| PB 0x00000000ef600000| Untracked 
| 247|0x00000000ef700000, 0x00000000ef700000, 0x00000000ef800000|  0%| F|  |TAMS 0x00000000ef700000| PB 0x00000000ef700000| Untracked 
| 248|0x00000000ef800000, 0x00000000ef800000, 0x00000000ef900000|  0%| F|  |TAMS 0x00000000ef800000| PB 0x00000000ef800000| Untracked 
| 249|0x00000000ef900000, 0x00000000ef900000, 0x00000000efa00000|  0%| F|  |TAMS 0x00000000ef900000| PB 0x00000000ef900000| Untracked 
| 250|0x00000000efa00000, 0x00000000efa00000, 0x00000000efb00000|  0%| F|  |TAMS 0x00000000efa00000| PB 0x00000000efa00000| Untracked 
| 251|0x00000000efb00000, 0x00000000efb00000, 0x00000000efc00000|  0%| F|  |TAMS 0x00000000efb00000| PB 0x00000000efb00000| Untracked 
| 252|0x00000000efc00000, 0x00000000efc00000, 0x00000000efd00000|  0%| F|  |TAMS 0x00000000efc00000| PB 0x00000000efc00000| Untracked 
| 253|0x00000000efd00000, 0x00000000efd00000, 0x00000000efe00000|  0%| F|  |TAMS 0x00000000efd00000| PB 0x00000000efd00000| Untracked 
| 254|0x00000000efe00000, 0x00000000efe00000, 0x00000000eff00000|  0%| F|  |TAMS 0x00000000efe00000| PB 0x00000000efe00000| Untracked 
| 255|0x00000000eff00000, 0x00000000eff00000, 0x00000000f0000000|  0%| F|  |TAMS 0x00000000eff00000| PB 0x00000000eff00000| Untracked 
| 256|0x00000000f0000000, 0x00000000f0000000, 0x00000000f0100000|  0%| F|  |TAMS 0x00000000f0000000| PB 0x00000000f0000000| Untracked 
| 257|0x00000000f0100000, 0x00000000f0100000, 0x00000000f0200000|  0%| F|  |TAMS 0x00000000f0100000| PB 0x00000000f0100000| Untracked 
| 258|0x00000000f0200000, 0x00000000f0200000, 0x00000000f0300000|  0%| F|  |TAMS 0x00000000f0200000| PB 0x00000000f0200000| Untracked 
| 259|0x00000000f0300000, 0x00000000f0300000, 0x00000000f0400000|  0%| F|  |TAMS 0x00000000f0300000| PB 0x00000000f0300000| Untracked 
| 260|0x00000000f0400000, 0x00000000f0400000, 0x00000000f0500000|  0%| F|  |TAMS 0x00000000f0400000| PB 0x00000000f0400000| Untracked 
| 261|0x00000000f0500000, 0x00000000f0500000, 0x00000000f0600000|  0%| F|  |TAMS 0x00000000f0500000| PB 0x00000000f0500000| Untracked 
| 487|0x00000000fe700000, 0x00000000fe700000, 0x00000000fe800000|  0%| F|  |TAMS 0x00000000fe700000| PB 0x00000000fe700000| Untracked 
| 488|0x00000000fe800000, 0x00000000fe800000, 0x00000000fe900000|  0%| F|  |TAMS 0x00000000fe800000| PB 0x00000000fe800000| Untracked 
| 489|0x00000000fe900000, 0x00000000fe900000, 0x00000000fea00000|  0%| F|  |TAMS 0x00000000fe900000| PB 0x00000000fe900000| Untracked 
| 490|0x00000000fea00000, 0x00000000fea00000, 0x00000000feb00000|  0%| F|  |TAMS 0x00000000fea00000| PB 0x00000000fea00000| Untracked 
| 491|0x00000000feb00000, 0x00000000feb00000, 0x00000000fec00000|  0%| F|  |TAMS 0x00000000feb00000| PB 0x00000000feb00000| Untracked 
| 492|0x00000000fec00000, 0x00000000fec00000, 0x00000000fed00000|  0%| F|  |TAMS 0x00000000fec00000| PB 0x00000000fec00000| Untracked 
| 493|0x00000000fed00000, 0x00000000fed00000, 0x00000000fee00000|  0%| F|  |TAMS 0x00000000fed00000| PB 0x00000000fed00000| Untracked 
| 494|0x00000000fee00000, 0x00000000fee00000, 0x00000000fef00000|  0%| F|  |TAMS 0x00000000fee00000| PB 0x00000000fee00000| Untracked 
| 495|0x00000000fef00000, 0x00000000fef00000, 0x00000000ff000000|  0%| F|  |TAMS 0x00000000fef00000| PB 0x00000000fef00000| Untracked 
| 496|0x00000000ff000000, 0x00000000ff000000, 0x00000000ff100000|  0%| F|  |TAMS 0x00000000ff000000| PB 0x00000000ff000000| Untracked 
| 497|0x00000000ff100000, 0x00000000ff100000, 0x00000000ff200000|  0%| F|  |TAMS 0x00000000ff100000| PB 0x00000000ff100000| Untracked 
| 498|0x00000000ff200000, 0x00000000ff200000, 0x00000000ff300000|  0%| F|  |TAMS 0x00000000ff200000| PB 0x00000000ff200000| Untracked 
| 499|0x00000000ff300000, 0x00000000ff300000, 0x00000000ff400000|  0%| F|  |TAMS 0x00000000ff300000| PB 0x00000000ff300000| Untracked 
| 500|0x00000000ff400000, 0x00000000ff400000, 0x00000000ff500000|  0%| F|  |TAMS 0x00000000ff400000| PB 0x00000000ff400000| Untracked 
| 501|0x00000000ff500000, 0x00000000ff500000, 0x00000000ff600000|  0%| F|  |TAMS 0x00000000ff500000| PB 0x00000000ff500000| Untracked 
| 502|0x00000000ff600000, 0x00000000ff600000, 0x00000000ff700000|  0%| F|  |TAMS 0x00000000ff600000| PB 0x00000000ff600000| Untracked 
| 503|0x00000000ff700000, 0x00000000ff700000, 0x00000000ff800000|  0%| F|  |TAMS 0x00000000ff700000| PB 0x00000000ff700000| Untracked 
| 504|0x00000000ff800000, 0x00000000ff800000, 0x00000000ff900000|  0%| F|  |TAMS 0x00000000ff800000| PB 0x00000000ff800000| Untracked 
| 505|0x00000000ff900000, 0x00000000ff900000, 0x00000000ffa00000|  0%| F|  |TAMS 0x00000000ff900000| PB 0x00000000ff900000| Untracked 
| 506|0x00000000ffa00000, 0x00000000ffa00000, 0x00000000ffb00000|  0%| F|  |TAMS 0x00000000ffa00000| PB 0x00000000ffa00000| Untracked 
| 507|0x00000000ffb00000, 0x00000000ffb00000, 0x00000000ffc00000|  0%| F|  |TAMS 0x00000000ffb00000| PB 0x00000000ffb00000| Untracked 
| 508|0x00000000ffc00000, 0x00000000ffc00000, 0x00000000ffd00000|  0%| F|  |TAMS 0x00000000ffc00000| PB 0x00000000ffc00000| Untracked 
| 509|0x00000000ffd00000, 0x00000000ffe00000, 0x00000000ffe00000|100%| O|  |TAMS 0x00000000ffd00000| PB 0x00000000ffd00000| Untracked 
| 510|0x00000000ffe00000, 0x00000000ffe73a80, 0x00000000fff00000| 45%| E|  |TAMS 0x00000000ffe00000| PB 0x00000000ffe00000| Complete 
| 511|0x00000000fff00000, 0x0000000100000000, 0x0000000100000000|100%| E|CS|TAMS 0x00000000fff00000| PB 0x00000000fff00000| Complete 

Card table byte_map: [0x00000274f2180000,0x00000274f2280000] _byte_map_base: 0x00000274f1a80000

Marking Bits: (CMBitMap*) 0x00000274df156bc0
 Bits: [0x00000274f2280000, 0x00000274f2a80000)

Polling page: 0x00000274dd110000

Metaspace:

Usage:
  Non-class:    105.76 MB used.
      Class:     16.79 MB used.
       Both:    122.55 MB used.

Virtual space:
  Non-class space:      128.00 MB reserved,     106.94 MB ( 84%) committed,  2 nodes.
      Class space:      320.00 MB reserved,      17.94 MB (  6%) committed,  1 nodes.
             Both:      448.00 MB reserved,     124.88 MB ( 28%) committed. 

Chunk freelists:
   Non-Class:  4.73 MB
       Class:  14.12 MB
        Both:  18.85 MB

MaxMetaspaceSize: 384.00 MB
CompressedClassSpaceSize: 320.00 MB
Initial GC threshold: 21.00 MB
Current GC threshold: 207.44 MB
CDS: on
 - commit_granule_bytes: 65536.
 - commit_granule_words: 8192.
 - virtual_space_node_default_size: 8388608.
 - enlarge_chunks_in_place: 1.
 - use_allocation_guard: 0.


Internal statistics:

num_allocs_failed_limit: 29.
num_arena_births: 4592.
num_arena_deaths: 0.
num_vsnodes_births: 3.
num_vsnodes_deaths: 0.
num_space_committed: 1995.
num_space_uncommitted: 0.
num_chunks_returned_to_freelist: 29.
num_chunks_taken_from_freelist: 10627.
num_chunk_merges: 23.
num_chunk_splits: 6931.
num_chunks_enlarged: 4303.
num_inconsistent_stats: 0.

CodeHeap 'non-profiled nmethods': size=120000Kb used=12313Kb max_used=12313Kb free=107686Kb
 bounds [0x00000274ea820000, 0x00000274eb460000, 0x00000274f1d50000]
CodeHeap 'profiled nmethods': size=120000Kb used=30132Kb max_used=34771Kb free=89867Kb
 bounds [0x00000274e2d50000, 0x00000274e4f50000, 0x00000274ea280000]
CodeHeap 'non-nmethods': size=5760Kb used=2834Kb max_used=2895Kb free=2925Kb
 bounds [0x00000274ea280000, 0x00000274ea560000, 0x00000274ea820000]
CodeCache: size=245760Kb, used=45279Kb, max_used=49979Kb, free=200478Kb
 total_blobs=16362, nmethods=15283, adapters=982, full_count=0
Compilation: enabled, stopped_count=0, restarted_count=0

Compilation events (20 events):
Event: 347.915 Thread 0x00000274f5666940 22382       3       jdk.internal.loader.URLClassPath$1::hasMoreElements (5 bytes)
Event: 347.915 Thread 0x00000274f5666940 nmethod 22382 0x00000274e3690990 code [0x00000274e3690b40, 0x00000274e3690c78]
Event: 347.939 Thread 0x00000274f5666940 22383       3       java.util.ServiceLoader$LazyClassPathLookupIterator::parseLine (253 bytes)
Event: 347.942 Thread 0x00000274f5666940 nmethod 22383 0x00000274e3b63990 code [0x00000274e3b63dc0, 0x00000274e3b656f0]
Event: 347.943 Thread 0x00000274f5666940 22384       3       org.gradle.internal.snapshot.AbstractIncompleteFileSystemNode$2$$Lambda/0x0000027482513560::test (12 bytes)
Event: 347.945 Thread 0x00000274f5666940 nmethod 22384 0x00000274e2f42810 code [0x00000274e2f42ae0, 0x00000274e2f43b20]
Event: 347.945 Thread 0x00000274f5666940 22385       3       org.gradle.internal.snapshot.AbstractIncompleteFileSystemNode$2::lambda$createNodeFromChildren$1 (29 bytes)
Event: 347.946 Thread 0x00000274f5666940 nmethod 22385 0x00000274e3fa5290 code [0x00000274e3fa5540, 0x00000274e3fa63a0]
Event: 347.970 Thread 0x00000274f5666940 22386       3       java.util.UUID::randomUUID (63 bytes)
Event: 347.971 Thread 0x00000274f5666940 nmethod 22386 0x00000274e40f6e90 code [0x00000274e40f7060, 0x00000274e40f7318]
Event: 348.007 Thread 0x00000274f5666940 22388       3       java.util.ServiceLoader$3::hasNext (38 bytes)
Event: 348.008 Thread 0x00000274f5666940 nmethod 22388 0x00000274e3be2b10 code [0x00000274e3be2d00, 0x00000274e3be3198]
Event: 348.095 Thread 0x00000274f5666940 22389       3       java.io.ObjectInputStream$BlockDataInputStream::readFully (42 bytes)
Event: 348.095 Thread 0x00000274f5666940 nmethod 22389 0x00000274e43dfd10 code [0x00000274e43dfee0, 0x00000274e43e0200]
Event: 348.096 Thread 0x00000274f5666940 22390       3       kotlin.io.FilesKt__FilePathComponentsKt::getRootLength$FilesKt__FilePathComponentsKt (137 bytes)
Event: 348.184 Thread 0x00000274f5666940 nmethod 22390 0x00000274e3328b90 code [0x00000274e3328ee0, 0x00000274e332a168]
Event: 348.186 Thread 0x00000274f5666940 22391       3       java.util.ServiceLoader$LazyClassPathLookupIterator::hasNext (42 bytes)
Event: 348.187 Thread 0x00000274f5666940 nmethod 22391 0x00000274e3733e90 code [0x00000274e37340e0, 0x00000274e3734778]
Event: 348.187 Thread 0x00000274f5666940 22392       1       org.gradle.internal.Try$Failure::isSuccessful (2 bytes)
Event: 348.188 Thread 0x00000274f5666940 nmethod 22392 0x00000274eaf7dd90 code [0x00000274eaf7df20, 0x00000274eaf7dfe8]

GC Heap History (20 events):
Event: 72.755 GC heap before
{Heap before GC invocations=23 (full 0):
 garbage-first heap   total 265216K, used 227367K [0x00000000e0000000, 0x0000000100000000)
  region size 1024K, 107 young (109568K), 13 survivors (13312K)
 Metaspace       used 113352K, committed 115584K, reserved 458752K
  class space    used 16043K, committed 17152K, reserved 327680K
}
Event: 72.775 GC heap after
{Heap after GC invocations=24 (full 0):
 garbage-first heap   total 265216K, used 134939K [0x00000000e0000000, 0x0000000100000000)
  region size 1024K, 11 young (11264K), 11 survivors (11264K)
 Metaspace       used 113352K, committed 115584K, reserved 458752K
  class space    used 16043K, committed 17152K, reserved 327680K
}
Event: 99.959 GC heap before
{Heap before GC invocations=24 (full 0):
 garbage-first heap   total 265216K, used 232219K [0x00000000e0000000, 0x0000000100000000)
  region size 1024K, 107 young (109568K), 11 survivors (11264K)
 Metaspace       used 117084K, committed 119360K, reserved 458752K
  class space    used 16453K, committed 17600K, reserved 327680K
}
Event: 99.979 GC heap after
{Heap after GC invocations=25 (full 0):
 garbage-first heap   total 265216K, used 133583K [0x00000000e0000000, 0x0000000100000000)
  region size 1024K, 6 young (6144K), 6 survivors (6144K)
 Metaspace       used 117084K, committed 119360K, reserved 458752K
  class space    used 16453K, committed 17600K, reserved 327680K
}
Event: 218.508 GC heap before
{Heap before GC invocations=25 (full 0):
 garbage-first heap   total 265216K, used 235983K [0x00000000e0000000, 0x0000000100000000)
  region size 1024K, 107 young (109568K), 6 survivors (6144K)
 Metaspace       used 120494K, committed 122752K, reserved 458752K
  class space    used 16746K, committed 17856K, reserved 327680K
}
Event: 218.756 GC heap after
{Heap after GC invocations=26 (full 0):
 garbage-first heap   total 265216K, used 137660K [0x00000000e0000000, 0x0000000100000000)
  region size 1024K, 10 young (10240K), 10 survivors (10240K)
 Metaspace       used 120494K, committed 122752K, reserved 458752K
  class space    used 16746K, committed 17856K, reserved 327680K
}
Event: 227.750 GC heap before
{Heap before GC invocations=27 (full 0):
 garbage-first heap   total 265216K, used 242108K [0x00000000e0000000, 0x0000000100000000)
  region size 1024K, 110 young (112640K), 10 survivors (10240K)
 Metaspace       used 122066K, committed 124352K, reserved 458752K
  class space    used 16899K, committed 18048K, reserved 327680K
}
Event: 227.843 GC heap after
{Heap after GC invocations=28 (full 0):
 garbage-first heap   total 285696K, used 169261K [0x00000000e0000000, 0x0000000100000000)
  region size 1024K, 14 young (14336K), 14 survivors (14336K)
 Metaspace       used 122066K, committed 124352K, reserved 458752K
  class space    used 16899K, committed 18048K, reserved 327680K
}
Event: 245.638 GC heap before
{Heap before GC invocations=28 (full 0):
 garbage-first heap   total 285696K, used 266541K [0x00000000e0000000, 0x0000000100000000)
  region size 1024K, 85 young (87040K), 14 survivors (14336K)
 Metaspace       used 122773K, committed 125120K, reserved 458752K
  class space    used 16960K, committed 18112K, reserved 327680K
}
Event: 245.667 GC heap after
{Heap after GC invocations=29 (full 0):
 garbage-first heap   total 287744K, used 170408K [0x00000000e0000000, 0x0000000100000000)
  region size 1024K, 2 young (2048K), 2 survivors (2048K)
 Metaspace       used 122773K, committed 125120K, reserved 458752K
  class space    used 16960K, committed 18112K, reserved 327680K
}
Event: 298.161 GC heap before
{Heap before GC invocations=29 (full 0):
 garbage-first heap   total 287744K, used 250280K [0x00000000e0000000, 0x0000000100000000)
  region size 1024K, 81 young (82944K), 2 survivors (2048K)
 Metaspace       used 122984K, committed 125312K, reserved 458752K
  class space    used 16962K, committed 18112K, reserved 327680K
}
Event: 298.257 GC heap after
{Heap after GC invocations=30 (full 0):
 garbage-first heap   total 287744K, used 175170K [0x00000000e0000000, 0x0000000100000000)
  region size 1024K, 7 young (7168K), 7 survivors (7168K)
 Metaspace       used 122984K, committed 125312K, reserved 458752K
  class space    used 16962K, committed 18112K, reserved 327680K
}
Event: 313.299 GC heap before
{Heap before GC invocations=31 (full 0):
 garbage-first heap   total 293888K, used 255042K [0x00000000e0000000, 0x0000000100000000)
  region size 1024K, 85 young (87040K), 7 survivors (7168K)
 Metaspace       used 123173K, committed 125504K, reserved 458752K
  class space    used 16964K, committed 18112K, reserved 327680K
}
Event: 313.358 GC heap after
{Heap after GC invocations=32 (full 0):
 garbage-first heap   total 293888K, used 172170K [0x00000000e0000000, 0x0000000100000000)
  region size 1024K, 3 young (3072K), 3 survivors (3072K)
 Metaspace       used 123173K, committed 125504K, reserved 458752K
  class space    used 16964K, committed 18112K, reserved 327680K
}
Event: 322.021 GC heap before
{Heap before GC invocations=32 (full 0):
 garbage-first heap   total 293888K, used 263306K [0x00000000e0000000, 0x0000000100000000)
  region size 1024K, 93 young (95232K), 3 survivors (3072K)
 Metaspace       used 123403K, committed 125696K, reserved 458752K
  class space    used 16974K, committed 18112K, reserved 327680K
}
Event: 322.194 GC heap after
{Heap after GC invocations=33 (full 0):
 garbage-first heap   total 293888K, used 164718K [0x00000000e0000000, 0x0000000100000000)
  region size 1024K, 12 young (12288K), 12 survivors (12288K)
 Metaspace       used 123403K, committed 125696K, reserved 458752K
  class space    used 16974K, committed 18112K, reserved 327680K
}
Event: 329.658 GC heap before
{Heap before GC invocations=33 (full 0):
 garbage-first heap   total 293888K, used 260974K [0x00000000e0000000, 0x0000000100000000)
  region size 1024K, 107 young (109568K), 12 survivors (12288K)
 Metaspace       used 125118K, committed 127424K, reserved 458752K
  class space    used 17159K, committed 18304K, reserved 327680K
}
Event: 329.986 GC heap after
{Heap after GC invocations=34 (full 0):
 garbage-first heap   total 293888K, used 168651K [0x00000000e0000000, 0x0000000100000000)
  region size 1024K, 4 young (4096K), 4 survivors (4096K)
 Metaspace       used 125118K, committed 127424K, reserved 458752K
  class space    used 17159K, committed 18304K, reserved 327680K
}
Event: 333.510 GC heap before
{Heap before GC invocations=35 (full 0):
 garbage-first heap   total 293888K, used 259787K [0x00000000e0000000, 0x0000000100000000)
  region size 1024K, 100 young (102400K), 4 survivors (4096K)
 Metaspace       used 125147K, committed 127488K, reserved 458752K
  class space    used 17159K, committed 18304K, reserved 327680K
}
Event: 333.561 GC heap after
{Heap after GC invocations=36 (full 0):
 garbage-first heap   total 293888K, used 161792K [0x00000000e0000000, 0x0000000100000000)
  region size 1024K, 3 young (3072K), 3 survivors (3072K)
 Metaspace       used 125147K, committed 127488K, reserved 458752K
  class space    used 17159K, committed 18304K, reserved 327680K
}

Dll operation events (4 events):
Event: 0.029 Loaded shared library C:\Users\abriz\.jdks\jbr-21.0.11\bin\java.dll
Event: 0.110 Loaded shared library C:\Users\abriz\.jdks\jbr-21.0.11\bin\jsvml.dll
Event: 0.162 Loaded shared library C:\Users\abriz\.jdks\jbr-21.0.11\bin\zip.dll
Event: 1.819 Loaded shared library C:\Users\abriz\.jdks\jbr-21.0.11\bin\verify.dll

Deoptimization events (20 events):
Event: 343.505 Thread 0x000002749cfb7690 Uncommon trap: trap_request=0xffffffde fr.pc=0x00000274ea875628 relative=0x0000000000000d68
Event: 343.505 Thread 0x000002749cfb7690 Uncommon trap: reason=class_check action=maybe_recompile pc=0x00000274ea875628 method=org.gradle.api.internal.artifacts.transform.TransformStep$$Lambda/0x00000274826e0800.apply(Ljava/lang/Object;)Ljava/lang/Object; @ 5 c2
Event: 343.505 Thread 0x000002749cfb7690 DEOPT PACKING pc=0x00000274ea875628 sp=0x000000cf8e2fe990
Event: 343.505 Thread 0x000002749cfb7690 DEOPT UNPACKING pc=0x00000274ea2d4422 sp=0x000000cf8e2fe7e8 mode 2
Event: 343.754 Thread 0x000002749cfb6970 Uncommon trap: trap_request=0xffffffde fr.pc=0x00000274eb3b0a14 relative=0x0000000000000154
Event: 343.754 Thread 0x000002749cfb6970 Uncommon trap: reason=class_check action=maybe_recompile pc=0x00000274eb3b0a14 method=org.gradle.api.internal.artifacts.transform.DefaultTransformInvocationFactory$$Lambda/0x00000274826e1c30.apply(Ljava/lang/Object;)Ljava/lang/Object; @ 9 c2
Event: 343.754 Thread 0x000002749cfb6970 DEOPT PACKING pc=0x00000274eb3b0a14 sp=0x000000cf8dffe8d0
Event: 343.754 Thread 0x000002749cfb6970 DEOPT UNPACKING pc=0x00000274ea2d4422 sp=0x000000cf8dffe850 mode 2
Event: 343.754 Thread 0x000002749cfb6970 Uncommon trap: trap_request=0xffffffde fr.pc=0x00000274ea875628 relative=0x0000000000000d68
Event: 343.754 Thread 0x000002749cfb6970 Uncommon trap: reason=class_check action=maybe_recompile pc=0x00000274ea875628 method=org.gradle.api.internal.artifacts.transform.TransformStep$$Lambda/0x00000274826e0800.apply(Ljava/lang/Object;)Ljava/lang/Object; @ 5 c2
Event: 343.754 Thread 0x000002749cfb6970 DEOPT PACKING pc=0x00000274ea875628 sp=0x000000cf8dffe9e0
Event: 343.754 Thread 0x000002749cfb6970 DEOPT UNPACKING pc=0x00000274ea2d4422 sp=0x000000cf8dffe838 mode 2
Event: 344.205 Thread 0x000002749cfb83b0 Uncommon trap: trap_request=0xffffffde fr.pc=0x00000274ea875628 relative=0x0000000000000d68
Event: 344.205 Thread 0x000002749cfb83b0 Uncommon trap: reason=class_check action=maybe_recompile pc=0x00000274ea875628 method=org.gradle.api.internal.artifacts.transform.TransformStep$$Lambda/0x00000274826e0800.apply(Ljava/lang/Object;)Ljava/lang/Object; @ 5 c2
Event: 344.206 Thread 0x000002749cfb83b0 DEOPT PACKING pc=0x00000274ea875628 sp=0x000000cf8e0fee90
Event: 344.206 Thread 0x000002749cfb83b0 DEOPT UNPACKING pc=0x00000274ea2d4422 sp=0x000000cf8e0fece8 mode 2
Event: 344.449 Thread 0x000002749d530010 Uncommon trap: trap_request=0xffffffde fr.pc=0x00000274ea875628 relative=0x0000000000000d68
Event: 344.449 Thread 0x000002749d530010 Uncommon trap: reason=class_check action=maybe_recompile pc=0x00000274ea875628 method=org.gradle.api.internal.artifacts.transform.TransformStep$$Lambda/0x00000274826e0800.apply(Ljava/lang/Object;)Ljava/lang/Object; @ 5 c2
Event: 344.449 Thread 0x000002749d530010 DEOPT PACKING pc=0x00000274ea875628 sp=0x000000cf87cfec60
Event: 344.449 Thread 0x000002749d530010 DEOPT UNPACKING pc=0x00000274ea2d4422 sp=0x000000cf87cfeab8 mode 2

Classes loaded (20 events):
Event: 225.035 Loading class com/sun/org/apache/xerces/internal/dom/DeferredElementNSImpl
Event: 225.040 Loading class com/sun/org/apache/xerces/internal/dom/DeferredElementNSImpl done
Event: 225.047 Loading class com/sun/org/apache/xerces/internal/dom/DeferredAttrNSImpl
Event: 225.048 Loading class com/sun/org/apache/xerces/internal/dom/DeferredAttrNSImpl done
Event: 323.030 Loading class java/nio/file/FileTreeWalker$1
Event: 323.031 Loading class java/nio/file/FileTreeWalker$1 done
Event: 325.986 Loading class java/util/Collections$UnmodifiableList$1
Event: 325.988 Loading class java/util/Collections$UnmodifiableList$1 done
Event: 326.114 Loading class java/util/Collections$UnmodifiableSortedMap
Event: 326.119 Loading class java/util/Collections$UnmodifiableSortedMap done
Event: 326.294 Loading class sun/nio/cs/UTF_16$Encoder
Event: 326.295 Loading class sun/nio/cs/UnicodeEncoder
Event: 326.296 Loading class sun/nio/cs/UnicodeEncoder done
Event: 326.296 Loading class sun/nio/cs/UTF_16$Encoder done
Event: 326.428 Loading class sun/nio/cs/Surrogate$Parser
Event: 326.430 Loading class sun/nio/cs/Surrogate$Parser done
Event: 326.430 Loading class sun/nio/cs/Surrogate
Event: 326.433 Loading class sun/nio/cs/Surrogate done
Event: 342.170 Loading class java/rmi/RemoteException
Event: 342.201 Loading class java/rmi/RemoteException done

Classes unloaded (0 events):
No events

Classes redefined (0 events):
No events

Internal exceptions (20 events):
Event: 347.895 Thread 0x000002749cfb7000 Exception <a 'sun/nio/fs/WindowsException'{0x00000000ebce4ca0}> (0x00000000ebce4ca0) 
thrown [s\src\hotspot\share\prims\jni.cpp, line 537]
Event: 347.939 Thread 0x000002749cfb83b0 Exception <a 'java/lang/NoClassDefFoundError'{0x00000000ebba80f0}: org/jetbrains/kotlin/incremental/classpathDiff/ClasspathEntrySnapshotter> (0x00000000ebba80f0) 
thrown [s\src\hotspot\share\oops\constantPool.cpp, line 874]
Event: 347.939 Thread 0x000002749cfb7000 Exception <a 'java/lang/NoClassDefFoundError'{0x00000000ebb9b2b0}: org/jetbrains/kotlin/incremental/classpathDiff/ClasspathEntrySnapshotter> (0x00000000ebb9b2b0) 
thrown [s\src\hotspot\share\oops\constantPool.cpp, line 874]
Event: 347.939 Thread 0x000002749cfb6970 Exception <a 'java/lang/NoClassDefFoundError'{0x00000000ebb8b310}: org/jetbrains/kotlin/incremental/classpathDiff/ClasspathEntrySnapshotter> (0x00000000ebb8b310) 
thrown [s\src\hotspot\share\oops\constantPool.cpp, line 874]
Event: 347.939 Thread 0x000002749cfb7690 Exception <a 'java/lang/NoClassDefFoundError'{0x00000000ebb7ff60}: org/jetbrains/kotlin/incremental/classpathDiff/ClasspathEntrySnapshotter> (0x00000000ebb7ff60) 
thrown [s\src\hotspot\share\oops\constantPool.cpp, line 874]
Event: 347.970 Thread 0x000002749d530010 Exception <a 'sun/nio/fs/WindowsException'{0x00000000eba098f8}> (0x00000000eba098f8) 
thrown [s\src\hotspot\share\prims\jni.cpp, line 537]
Event: 347.971 Thread 0x000002749d530010 Exception <a 'sun/nio/fs/WindowsException'{0x00000000eba0a790}> (0x00000000eba0a790) 
thrown [s\src\hotspot\share\prims\jni.cpp, line 537]
Event: 347.972 Thread 0x000002749d530010 Exception <a 'sun/nio/fs/WindowsException'{0x00000000eba0b858}> (0x00000000eba0b858) 
thrown [s\src\hotspot\share\prims\jni.cpp, line 537]
Event: 347.972 Thread 0x000002749d530010 Exception <a 'sun/nio/fs/WindowsException'{0x00000000eba0ca38}> (0x00000000eba0ca38) 
thrown [s\src\hotspot\share\prims\jni.cpp, line 537]
Event: 348.006 Thread 0x000002749cfb6970 Exception <a 'sun/nio/fs/WindowsException'{0x00000000eba25848}> (0x00000000eba25848) 
thrown [s\src\hotspot\share\prims\jni.cpp, line 537]
Event: 348.027 Thread 0x000002749cfb7000 Exception <a 'sun/nio/fs/WindowsException'{0x00000000eba7a118}> (0x00000000eba7a118) 
thrown [s\src\hotspot\share\prims\jni.cpp, line 537]
Event: 348.027 Thread 0x000002749cfb6970 Exception <a 'sun/nio/fs/WindowsException'{0x00000000eba266e0}> (0x00000000eba266e0) 
thrown [s\src\hotspot\share\prims\jni.cpp, line 537]
Event: 348.027 Thread 0x000002749cfb6970 Exception <a 'sun/nio/fs/WindowsException'{0x00000000eba277a8}> (0x00000000eba277a8) 
thrown [s\src\hotspot\share\prims\jni.cpp, line 537]
Event: 348.027 Thread 0x000002749cfb7000 Exception <a 'sun/nio/fs/WindowsException'{0x00000000eba7afb0}> (0x00000000eba7afb0) 
thrown [s\src\hotspot\share\prims\jni.cpp, line 537]
Event: 348.028 Thread 0x000002749cfb7000 Exception <a 'sun/nio/fs/WindowsException'{0x00000000eba7c078}> (0x00000000eba7c078) 
thrown [s\src\hotspot\share\prims\jni.cpp, line 537]
Event: 348.031 Thread 0x000002749d530010 Exception <a 'java/lang/NoClassDefFoundError'{0x00000000ebaa2ef0}: org/jetbrains/kotlin/incremental/classpathDiff/ClasspathEntrySnapshotter> (0x00000000ebaa2ef0) 
thrown [s\src\hotspot\share\oops\constantPool.cpp, line 874]
Event: 348.036 Thread 0x000002749cfb6970 Exception <a 'sun/nio/fs/WindowsException'{0x00000000eba28988}> (0x00000000eba28988) 
thrown [s\src\hotspot\share\prims\jni.cpp, line 537]
Event: 348.058 Thread 0x000002749cfb7000 Exception <a 'sun/nio/fs/WindowsException'{0x00000000eba7d258}> (0x00000000eba7d258) 
thrown [s\src\hotspot\share\prims\jni.cpp, line 537]
Event: 348.186 Thread 0x000002749cfb7000 Exception <a 'java/lang/NoClassDefFoundError'{0x00000000eb90d778}: org/jetbrains/kotlin/incremental/classpathDiff/ClasspathEntrySnapshotter> (0x00000000eb90d778) 
thrown [s\src\hotspot\share\oops\constantPool.cpp, line 874]
Event: 348.186 Thread 0x000002749cfb6970 Exception <a 'java/lang/NoClassDefFoundError'{0x00000000eb910ec0}: org/jetbrains/kotlin/incremental/classpathDiff/ClasspathEntrySnapshotter> (0x00000000eb910ec0) 
thrown [s\src\hotspot\share\oops\constantPool.cpp, line 874]

ZGC Phase Switch (0 events):
No events

VM Operations (20 events):
Event: 337.833 Executing safepoint VM operation: Cleanup
Event: 337.833 Executing safepoint VM operation: Cleanup done
Event: 338.846 Executing safepoint VM operation: Cleanup
Event: 338.846 Executing safepoint VM operation: Cleanup done
Event: 339.861 Executing safepoint VM operation: Cleanup
Event: 339.877 Executing safepoint VM operation: Cleanup done
Event: 340.885 Executing safepoint VM operation: Cleanup
Event: 340.885 Executing safepoint VM operation: Cleanup done
Event: 341.885 Executing safepoint VM operation: Cleanup
Event: 341.885 Executing safepoint VM operation: Cleanup done
Event: 342.886 Executing safepoint VM operation: Cleanup
Event: 342.886 Executing safepoint VM operation: Cleanup done
Event: 343.892 Executing safepoint VM operation: Cleanup
Event: 343.892 Executing safepoint VM operation: Cleanup done
Event: 344.895 Executing safepoint VM operation: Cleanup
Event: 344.895 Executing safepoint VM operation: Cleanup done
Event: 346.913 Executing safepoint VM operation: Cleanup
Event: 346.913 Executing safepoint VM operation: Cleanup done
Event: 347.916 Executing safepoint VM operation: Cleanup
Event: 347.916 Executing safepoint VM operation: Cleanup done

Memory protections (0 events):
No events

Nmethod flushes (20 events):
Event: 331.092 Thread 0x00000274f54ec460 flushing  nmethod 0x00000274e4356710
Event: 331.092 Thread 0x00000274f54ec460 flushing  nmethod 0x00000274e435d510
Event: 331.092 Thread 0x00000274f54ec460 flushing  nmethod 0x00000274e44a8a10
Event: 331.092 Thread 0x00000274f54ec460 flushing  nmethod 0x00000274e44a9810
Event: 331.092 Thread 0x00000274f54ec460 flushing  nmethod 0x00000274e44aae90
Event: 331.092 Thread 0x00000274f54ec460 flushing  nmethod 0x00000274e44acc10
Event: 331.092 Thread 0x00000274f54ec460 flushing  nmethod 0x00000274e44b0690
Event: 331.092 Thread 0x00000274f54ec460 flushing  nmethod 0x00000274e4545490
Event: 331.092 Thread 0x00000274f54ec460 flushing  nmethod 0x00000274e45a0810
Event: 331.092 Thread 0x00000274f54ec460 flushing  nmethod 0x00000274e45a1d10
Event: 331.092 Thread 0x00000274f54ec460 flushing  nmethod 0x00000274e45ac290
Event: 331.092 Thread 0x00000274f54ec460 flushing  nmethod 0x00000274e45c8f10
Event: 331.092 Thread 0x00000274f54ec460 flushing  nmethod 0x00000274e45e2310
Event: 331.092 Thread 0x00000274f54ec460 flushing  nmethod 0x00000274e45e3810
Event: 331.092 Thread 0x00000274f54ec460 flushing  nmethod 0x00000274e4613410
Event: 331.093 Thread 0x00000274f54ec460 flushing  nmethod 0x00000274e4aacd90
Event: 331.093 Thread 0x00000274f54ec460 flushing  nmethod 0x00000274e4aae710
Event: 331.093 Thread 0x00000274f54ec460 flushing  nmethod 0x00000274e4bfb290
Event: 331.093 Thread 0x00000274f54ec460 flushing  nmethod 0x00000274e4c04990
Event: 331.093 Thread 0x00000274f54ec460 flushing  nmethod 0x00000274e4c0c690

Events (20 events):
Event: 337.650 Thread 0x00000274ff890780 Thread added: 0x000002749cfb1ab0
Event: 337.651 Thread 0x00000274ff890780 Thread added: 0x000002749cfb34f0
Event: 337.651 Thread 0x00000274ff890780 Thread added: 0x000002749cfb0700
Event: 338.326 Thread 0x00000274ff890780 Thread added: 0x000002749cfb0070
Event: 338.327 Thread 0x00000274ff890780 Thread added: 0x000002749cfb27d0
Event: 338.805 Thread 0x00000274ff890780 Thread added: 0x000002749cfb3b80
Event: 338.807 Thread 0x00000274ff890780 Thread added: 0x000002749cfb2e60
Event: 339.013 Thread 0x00000274ff890780 Thread added: 0x000002749cfb2140
Event: 339.013 Thread 0x00000274ff890780 Thread added: 0x000002749cfb4210
Event: 339.014 Thread 0x00000274ff890780 Thread added: 0x000002749cfb0d90
Event: 339.015 Thread 0x00000274ff890780 Thread added: 0x000002749cfb48a0
Event: 339.017 Thread 0x00000274ff890780 Thread added: 0x000002749cfb1420
Event: 339.018 Thread 0x00000274ff890780 Thread added: 0x000002749cfb55c0
Event: 339.018 Thread 0x00000274ff890780 Thread added: 0x000002749cfb62e0
Event: 339.780 Thread 0x00000274ff890780 Thread added: 0x000002749cfb6970
Event: 339.781 Thread 0x00000274ff890780 Thread added: 0x000002749cfb83b0
Event: 339.782 Thread 0x00000274ff890780 Thread added: 0x000002749cfb7000
Event: 339.782 Thread 0x00000274ff890780 Thread added: 0x000002749cfb7690
Event: 339.783 Thread 0x00000274ff890780 Thread added: 0x000002749cfb4f30
Event: 339.784 Thread 0x00000274ff890780 Thread added: 0x000002749cfbb1a0


Dynamic libraries:
0x00007ff72e550000 - 0x00007ff72e55a000 	C:\Users\abriz\.jdks\jbr-21.0.11\bin\java.exe
0x00007ffe27600000 - 0x00007ffe27867000 	C:\WINDOWS\SYSTEM32\ntdll.dll
0x00007ffe26010000 - 0x00007ffe260db000 	C:\WINDOWS\System32\KERNEL32.DLL
0x00007ffe247d0000 - 0x00007ffe24bd2000 	C:\WINDOWS\System32\KERNELBASE.dll
0x00007ffe24fa0000 - 0x00007ffe250ec000 	C:\WINDOWS\System32\ucrtbase.dll
0x00007ffe12410000 - 0x00007ffe1242e000 	C:\Users\abriz\.jdks\jbr-21.0.11\bin\VCRUNTIME140.dll
0x00007ffe12430000 - 0x00007ffe12448000 	C:\Users\abriz\.jdks\jbr-21.0.11\bin\jli.dll
0x00007ffe256b0000 - 0x00007ffe2587f000 	C:\WINDOWS\System32\USER32.dll
0x00007ffe0f830000 - 0x00007ffe0fac0000 	C:\WINDOWS\WinSxS\amd64_microsoft.windows.common-controls_6595b64144ccf1df_6.0.26100.9278_none_3e0d1ba8e3303201\COMCTL32.dll
0x00007ffe24be0000 - 0x00007ffe24c07000 	C:\WINDOWS\System32\win32u.dll
0x00007ffe265b0000 - 0x00007ffe26659000 	C:\WINDOWS\System32\msvcrt.dll
0x00007ffe26530000 - 0x00007ffe2655b000 	C:\WINDOWS\System32\GDI32.dll
0x00007ffe251c0000 - 0x00007ffe252e9000 	C:\WINDOWS\System32\gdi32full.dll
0x00007ffe24d60000 - 0x00007ffe24e03000 	C:\WINDOWS\System32\msvcp_win.dll
0x00007ffe25e70000 - 0x00007ffe25ea1000 	C:\WINDOWS\System32\IMM32.DLL
0x00007ffe13140000 - 0x00007ffe1314c000 	C:\Users\abriz\.jdks\jbr-21.0.11\bin\vcruntime140_1.dll
0x00007ffdf47a0000 - 0x00007ffdf4829000 	C:\Users\abriz\.jdks\jbr-21.0.11\bin\msvcp140.dll
0x00007ffd9d0a0000 - 0x00007ffd9de6e000 	C:\Users\abriz\.jdks\jbr-21.0.11\bin\server\jvm.dll
0x00007ffe26340000 - 0x00007ffe263fc000 	C:\WINDOWS\System32\ADVAPI32.dll
0x00007ffe260f0000 - 0x00007ffe26199000 	C:\WINDOWS\System32\sechost.dll
0x00007ffe26410000 - 0x00007ffe26528000 	C:\WINDOWS\System32\RPCRT4.dll
0x00007ffe25d50000 - 0x00007ffe25dd0000 	C:\WINDOWS\System32\WS2_32.dll
0x00007ffe24630000 - 0x00007ffe2468e000 	C:\WINDOWS\SYSTEM32\POWRPROF.dll
0x00007ffe1dfa0000 - 0x00007ffe1dfd6000 	C:\WINDOWS\SYSTEM32\WINMM.dll
0x00007ffe1dfe0000 - 0x00007ffe1dfeb000 	C:\WINDOWS\SYSTEM32\VERSION.dll
0x00007ffe24610000 - 0x00007ffe24625000 	C:\WINDOWS\SYSTEM32\UMPDC.dll
0x00007ffe234a0000 - 0x00007ffe234bb000 	C:\WINDOWS\SYSTEM32\kernel.appcore.dll
0x00007ffe12400000 - 0x00007ffe1240a000 	C:\Users\abriz\.jdks\jbr-21.0.11\bin\jimage.dll
0x00007ffe194e0000 - 0x00007ffe1972c000 	C:\WINDOWS\SYSTEM32\DBGHELP.DLL
0x00007ffe25890000 - 0x00007ffe25c15000 	C:\WINDOWS\System32\combase.dll
0x00007ffe25c20000 - 0x00007ffe25cf9000 	C:\WINDOWS\System32\OLEAUT32.dll
0x00007ffe14d20000 - 0x00007ffe14d5b000 	C:\WINDOWS\SYSTEM32\dbgcore.DLL
0x00007ffe25100000 - 0x00007ffe251ac000 	C:\WINDOWS\System32\bcryptPrimitives.dll
0x00007ffe12370000 - 0x00007ffe12380000 	C:\Users\abriz\.jdks\jbr-21.0.11\bin\instrument.dll
0x00007ffdfc030000 - 0x00007ffdfc051000 	C:\Users\abriz\.jdks\jbr-21.0.11\bin\java.dll
0x00007ffe267c0000 - 0x00007ffe26f58000 	C:\WINDOWS\System32\SHELL32.dll
0x00007ffe22220000 - 0x00007ffe22ace000 	C:\WINDOWS\SYSTEM32\windows.storage.dll
0x00007ffe26660000 - 0x00007ffe2675b000 	C:\WINDOWS\System32\SHCORE.dll
0x00007ffe25de0000 - 0x00007ffe25e46000 	C:\WINDOWS\System32\shlwapi.dll
0x00007ffe246f0000 - 0x00007ffe24719000 	C:\WINDOWS\SYSTEM32\profapi.dll
0x00007ffde3250000 - 0x00007ffde3327000 	C:\Users\abriz\.jdks\jbr-21.0.11\bin\jsvml.dll
0x00007ffe10b90000 - 0x00007ffe10ba8000 	C:\Users\abriz\.jdks\jbr-21.0.11\bin\zip.dll
0x00007ffe0c060000 - 0x00007ffe0c071000 	C:\Users\abriz\.jdks\jbr-21.0.11\bin\net.dll
0x00007ffe1b880000 - 0x00007ffe1b9aa000 	C:\WINDOWS\SYSTEM32\WINHTTP.dll
0x00007ffe23a60000 - 0x00007ffe23acc000 	C:\WINDOWS\system32\mswsock.dll
0x00007ffe03540000 - 0x00007ffe03556000 	C:\Users\abriz\.jdks\jbr-21.0.11\bin\nio.dll
0x00007ffe122e0000 - 0x00007ffe122f0000 	C:\Users\abriz\.jdks\jbr-21.0.11\bin\verify.dll
0x00007ffe123d0000 - 0x00007ffe123f7000 	C:\Users\abriz\.gradle\native\c067742578af261105cb4f569cf0c3c89f3d7b1fecec35dd04571415982c5e48\windows-amd64\native-platform.dll
0x00007ffdd74b0000 - 0x00007ffdd75f4000 	C:\Users\abriz\.gradle\native\100fb08df4bc3b14c8652ba06237920a3bd2aa13389f12d3474272988ae205f9\windows-amd64\native-platform-file-events.dll
0x00007ffe11d70000 - 0x00007ffe11d7a000 	C:\Users\abriz\.jdks\jbr-21.0.11\bin\management.dll
0x00007ffe11430000 - 0x00007ffe1143c000 	C:\Users\abriz\.jdks\jbr-21.0.11\bin\management_ext.dll
0x00007ffe25e50000 - 0x00007ffe25e58000 	C:\WINDOWS\System32\PSAPI.DLL
0x00007ffe23d70000 - 0x00007ffe23d8b000 	C:\WINDOWS\SYSTEM32\CRYPTSP.dll
0x00007ffe233e0000 - 0x00007ffe23419000 	C:\WINDOWS\system32\rsaenh.dll
0x00007ffe23b10000 - 0x00007ffe23b44000 	C:\WINDOWS\SYSTEM32\USERENV.dll
0x00007ffe246c0000 - 0x00007ffe246ea000 	C:\WINDOWS\SYSTEM32\bcrypt.dll
0x00007ffe23d50000 - 0x00007ffe23d5c000 	C:\WINDOWS\SYSTEM32\CRYPTBASE.dll
0x00007ffe22e70000 - 0x00007ffe22ea3000 	C:\WINDOWS\SYSTEM32\IPHLPAPI.DLL
0x00007ffe25e60000 - 0x00007ffe25e6a000 	C:\WINDOWS\System32\NSI.dll
0x00007ffe110e0000 - 0x00007ffe110e9000 	C:\Users\abriz\.jdks\jbr-21.0.11\bin\extnet.dll
0x00007ffe11080000 - 0x00007ffe1108e000 	C:\Users\abriz\.jdks\jbr-21.0.11\bin\sunmscapi.dll
0x00007ffe24e10000 - 0x00007ffe24f8e000 	C:\WINDOWS\System32\CRYPT32.dll
0x00007ffe23f90000 - 0x00007ffe23fc0000 	C:\WINDOWS\SYSTEM32\ncrypt.dll
0x00007ffe23f40000 - 0x00007ffe23f7f000 	C:\WINDOWS\SYSTEM32\NTASN1.dll
0x00007ffe16d90000 - 0x00007ffe16d98000 	C:\WINDOWS\system32\wshunix.dll
0x00007ffe22f10000 - 0x00007ffe23068000 	C:\WINDOWS\SYSTEM32\DNSAPI.dll
0x00007ffe23840000 - 0x00007ffe2384d000 	C:\WINDOWS\SYSTEM32\DSPARSE.dll
0x00007ffe1b700000 - 0x00007ffe1b70b000 	C:\Windows\System32\rasadhlp.dll
0x00007ffe19860000 - 0x00007ffe198e6000 	C:\WINDOWS\System32\fwpuclnt.dll
0x00007ffe21780000 - 0x00007ffe2181f000 	C:\WINDOWS\system32\apphelp.dll
0x00007ffe235d0000 - 0x00007ffe23606000 	C:\WINDOWS\SYSTEM32\ntmarta.dll

JVMTI agents:
C:\Users\abriz\.gradle\wrapper\dists\gradle-8.11.1-bin\bpt9gzteqjrbo1mjrsomdt32c\gradle-8.11.1\lib\agents\gradle-instrumentation-agent-8.11.1.jar path:C:\Users\abriz\.jdks\jbr-21.0.11\bin\instrument.dll, loaded, initialized, instrumentlib options:none

dbghelp: loaded successfully - version: 4.0.5 - missing functions: none
symbol engine: initialized successfully - sym options: 0x614 - pdb path: .;C:\Users\abriz\.jdks\jbr-21.0.11\bin;C:\WINDOWS\SYSTEM32;C:\WINDOWS\WinSxS\amd64_microsoft.windows.common-controls_6595b64144ccf1df_6.0.26100.9278_none_3e0d1ba8e3303201;C:\Users\abriz\.jdks\jbr-21.0.11\bin\server;C:\Users\abriz\.gradle\native\c067742578af261105cb4f569cf0c3c89f3d7b1fecec35dd04571415982c5e48\windows-amd64;C:\Users\abriz\.gradle\native\100fb08df4bc3b14c8652ba06237920a3bd2aa13389f12d3474272988ae205f9\windows-amd64

VM Arguments:
jvm_args: --add-opens=java.base/java.lang=ALL-UNNAMED --add-opens=java.base/java.lang.invoke=ALL-UNNAMED --add-opens=java.base/java.util=ALL-UNNAMED --add-opens=java.prefs/java.util.prefs=ALL-UNNAMED --add-exports=jdk.compiler/com.sun.tools.javac.api=ALL-UNNAMED --add-exports=jdk.compiler/com.sun.tools.javac.util=ALL-UNNAMED --add-opens=java.base/java.util=ALL-UNNAMED --add-opens=java.prefs/java.util.prefs=ALL-UNNAMED --add-opens=java.base/java.nio.charset=ALL-UNNAMED --add-opens=java.base/java.net=ALL-UNNAMED --add-opens=java.base/java.util.concurrent.atomic=ALL-UNNAMED --add-opens=java.xml/javax.xml.namespace=ALL-UNNAMED -XX:MaxMetaspaceSize=384m -XX:+HeapDumpOnOutOfMemoryError -Xms256m -Xmx512m -Dfile.encoding=UTF-8 -Duser.country=ES -Duser.language=es -Duser.variant -javaagent:C:\Users\abriz\.gradle\wrapper\dists\gradle-8.11.1-bin\bpt9gzteqjrbo1mjrsomdt32c\gradle-8.11.1\lib\agents\gradle-instrumentation-agent-8.11.1.jar 
java_command: org.gradle.launcher.daemon.bootstrap.GradleDaemon 8.11.1
java_class_path (initial): C:\Users\abriz\.gradle\wrapper\dists\gradle-8.11.1-bin\bpt9gzteqjrbo1mjrsomdt32c\gradle-8.11.1\lib\gradle-daemon-main-8.11.1.jar
Launcher Type: SUN_STANDARD

[Global flags]
     intx CICompilerCount                          = 4                                         {product} {ergonomic}
   size_t CompressedClassSpaceSize                 = 335544320                                 {product} {ergonomic}
     uint ConcGCThreads                            = 2                                         {product} {ergonomic}
     uint G1ConcRefinementThreads                  = 8                                         {product} {ergonomic}
   size_t G1HeapRegionSize                         = 1048576                                   {product} {ergonomic}
    uintx GCDrainStackTargetSize                   = 64                                        {product} {ergonomic}
     bool HeapDumpOnOutOfMemoryError               = true                                   {manageable} {command line}
   size_t InitialHeapSize                          = 268435456                                 {product} {command line}
   size_t MarkStackSize                            = 4194304                                   {product} {ergonomic}
   size_t MaxHeapSize                              = 536870912                                 {product} {command line}
   size_t MaxMetaspaceSize                         = 402653184                                 {product} {command line}
   size_t MaxNewSize                               = 321912832                                 {product} {ergonomic}
   size_t MinHeapDeltaBytes                        = 1048576                                   {product} {ergonomic}
   size_t MinHeapSize                              = 268435456                                 {product} {command line}
    uintx NonNMethodCodeHeapSize                   = 5839372                                {pd product} {ergonomic}
    uintx NonProfiledCodeHeapSize                  = 122909434                              {pd product} {ergonomic}
    uintx ProfiledCodeHeapSize                     = 122909434                              {pd product} {ergonomic}
    uintx ReservedCodeCacheSize                    = 251658240                              {pd product} {ergonomic}
     bool SegmentedCodeCache                       = true                                      {product} {ergonomic}
   size_t SoftMaxHeapSize                          = 536870912                              {manageable} {ergonomic}
     bool UseCompressedOops                        = true                           {product lp64_product} {ergonomic}
     bool UseG1GC                                  = true                                      {product} {ergonomic}
     bool UseLargePagesIndividualAllocation        = false                                  {pd product} {ergonomic}

Logging:
Log output configuration:
 #0: stdout all=warning uptime,level,tags foldmultilines=false
 #1: stderr all=off uptime,level,tags foldmultilines=false

Release file:
JAVA_VERSION="21.0.11" 
MODULES="java.base java.compiler java.datatransfer java.xml java.prefs java.desktop java.instrument java.logging java.management java.security.sasl java.naming java.rmi java.management.rmi java.net.http java.scripting java.security.jgss java.transaction.xa java.sql java.sql.rowset java.xml.crypto java.se java.smartcardio jdk.accessibility jdk.internal.jvmstat jdk.attach jdk.charsets jdk.internal.opt jdk.zipfs jdk.compiler jdk.crypto.ec jdk.crypto.cryptoki jdk.crypto.mscapi jdk.dynalink jdk.internal.ed jdk.editpad jdk.hotspot.agent jdk.httpserver jdk.incubator.vector jdk.internal.le jdk.internal.vm.ci jdk.internal.vm.compiler jdk.internal.vm.compiler.management jdk.jartool jdk.javadoc jdk.jcmd jdk.management jdk.management.agent jdk.jconsole jdk.jdeps jdk.jdwp.agent jdk.jdi jdk.jfr jdk.jlink jdk.jpackage jdk.jshell jdk.jsobject jdk.jstatd jdk.localedata jdk.management.jfr jdk.naming.dns jdk.naming.rmi jdk.net jdk.nio.mapmode jdk.random jdk.sctp jdk.security.auth jdk.security.jgss jdk.unsupported jdk.unsupported.desktop jdk.xml.dom" 
IMPLEMENTOR="JetBrains s.r.o." 
IMPLEMENTOR_VERSION="JBRSDK-21.0.11+1-1163.116-nomod" 
JAVA_RUNTIME_VERSION="21.0.11+1-b1163.116" 
LIBC="default" 
OS_ARCH="x86_64" 
OS_NAME="Windows" 
SOURCE=".:git:cf1f197170a0+" 

Environment Variables:
PATH=C:\Program Files (x86)\Microsoft\Edge\Application;C:\Program Files\Common Files\Oracle\Java\javapath;C:\Program Files (x86)\Common Files\Oracle\Java\java8path;C:\Program Files (x86)\Common Files\Oracle\Java\javapath;C:\WINDOWS\system32;C:\WINDOWS;C:\WINDOWS\System32\Wbem;C:\WINDOWS\System32\WindowsPowerShell\v1.0\;C:\WINDOWS\System32\OpenSSH\;C:\Program Files\Microsoft SQL Server\150\Tools\Binn\;C:\Program Files\Microsoft SQL Server\Client SDK\ODBC\170\Tools\Binn\;C:\Program Files (x86)\Windows Kits\10\Windows Performance Toolkit\;C:\Program Files\dotnet\;C:\Program Files (x86)\cloudflared\;C:\Program Files\Git\cmd;C:\Users\abriz\AppData\Local\agy\bin;C:\Users\abriz\AppData\Local\Microsoft\WindowsApps;C:\Users\abriz\.dotnet\tools;C:\Users\abriz\AppData\Local\Programs\Microsoft VS Code\bin;C:\Users\abriz\AppData\Local\Programs\Antigravity IDE\bin
USERNAME=abriz
OS=Windows_NT
PROCESSOR_IDENTIFIER=AMD64 Family 23 Model 24 Stepping 1, AuthenticAMD
TMP=C:\Users\abriz\AppData\Local\Temp
TEMP=C:\Users\abriz\AppData\Local\Temp




Periodic native trim disabled

JNI global refs:
JNI global refs: 28, weak refs: 2

JNI global refs memory usage: 835, weak refs: 833

Process memory usage:
Resident Set Size: 308088K (4% of 6237476K total physical memory with 209296K free physical memory)

OOME stack traces (most recent first):
Classloader memory used:
Loader org.gradle.internal.classloader.VisitableURLClassLoader$InstrumentingVisitableURLClassLoader: 46461K
Loader org.gradle.internal.classloader.VisitableURLClassLoader                         : 44487K
Loader bootstrap                                                                       : 17519K
Loader org.gradle.initialization.MixInLegacyTypesClassLoader                           : 14943K
Loader jdk.internal.loader.ClassLoaders$PlatformClassLoader                            : 948K
Loader jdk.internal.reflect.DelegatingClassLoader                                      : 543K
Loader jdk.internal.loader.ClassLoaders$AppClassLoader                                 : 236K
Loader org.gradle.groovy.scripts.internal.DefaultScriptCompilationHandler$ScriptClassLoader: 177K
Loader org.gradle.internal.classloader.VisitableURLClassLoader                         : 72936B
Loader java.net.URLClassLoader                                                         : 53192B
Loader org.codehaus.groovy.runtime.callsite.CallSiteClassLoader                        : 41928B
Loader sun.reflect.misc.MethodUtil                                                     : 3080B

Classes loaded by more than one classloader:
Class Program                                                                         : loaded 5 times (x 72B)
Class com.google.common.base.PairwiseEquivalence                                      : loaded 2 times (x 83B)
Class com.google.common.base.Equivalence$Identity                                     : loaded 2 times (x 82B)
Class com.google.common.collect.RegularImmutableMap$KeySet                            : loaded 2 times (x 150B)
Class org.gradle.internal.classloader.FilteringClassLoader                            : loaded 2 times (x 105B)
Class com.google.common.cache.LocalCache$ValueIterator                                : loaded 2 times (x 86B)
Class com.google.common.io.FileWriteMode                                              : loaded 2 times (x 79B)
Class [Lcom.google.common.collect.MapMakerInternalMap$Segment;                        : loaded 2 times (x 69B)
Class [Lcom.google.common.base.AbstractIterator$State;                                : loaded 2 times (x 69B)
Class com.google.common.base.CharMatcher$IsEither                                     : loaded 2 times (x 111B)
Class org.gradle.internal.classloader.ClassLoaderHierarchy                            : loaded 2 times (x 70B)
Class [Lcom.google.common.cache.RemovalCause;                                         : loaded 2 times (x 69B)
Class com.google.common.collect.AbstractMapBasedMultimap$WrappedCollection            : loaded 2 times (x 124B)
Class com.google.common.collect.ImmutableEnumSet                                      : loaded 2 times (x 146B)
Class com.google.common.util.concurrent.ExecutionError                                : loaded 2 times (x 82B)
Class com.google.common.collect.ImmutableList$1                                       : loaded 2 times (x 97B)
Class org.gradle.api.internal.classpath.ManifestUtil                                  : loaded 2 times (x 71B)
Class com.google.common.io.ByteArrayDataOutput                                        : loaded 2 times (x 70B)
Class com.google.common.collect.RegularImmutableMap                                   : loaded 2 times (x 121B)
Class com.google.common.collect.ImmutableMap$MapViewOfValuesAsSingletonSets           : loaded 2 times (x 125B)
Class org.apache.commons.io.function.IOFunction                                       : loaded 2 times (x 70B)
Class com.google.common.cache.LocalCache$Values                                       : loaded 2 times (x 118B)
Class com.google.common.collect.TransformedListIterator                               : loaded 2 times (x 93B)
Class com.google.common.reflect.TypeCapture                                           : loaded 2 times (x 71B)
Class [Lorg.objectweb.asm.Symbol;                                                     : loaded 2 times (x 69B)
Class org.objectweb.asm.ClassVisitor                                                  : loaded 2 times (x 88B)
Class com.google.common.collect.UnmodifiableListIterator                              : loaded 2 times (x 95B)
Class com.google.common.collect.MapMakerInternalMap$StrongKeyDummyValueEntry$LinkedStrongKeyDummyValueEntry: loaded 2 times (x 82B)
Class com.google.common.collect.MapMakerInternalMap$Strength                          : loaded 2 times (x 80B)
Class org.objectweb.asm.MethodTooLargeException                                       : loaded 2 times (x 83B)
Class [Lcom.google.common.cache.CacheBuilder$OneWeigher;                              : loaded 2 times (x 69B)
Class com.google.common.base.Suppliers                                                : loaded 2 times (x 71B)
Class com.google.common.base.Platform$JdkPatternCompiler                              : loaded 2 times (x 75B)
Class org.gradle.internal.classloader.DefaultClassLoaderFactory                       : loaded 2 times (x 82B)
Class org.apache.commons.io.file.PathUtils                                            : loaded 2 times (x 71B)
Class com.google.common.io.ByteSource$ConcatenatedByteSource                          : loaded 2 times (x 85B)
Class [Lcom.google.common.collect.AbstractIterator$State;                             : loaded 2 times (x 69B)
Class com.google.common.base.CharMatcher$None                                         : loaded 2 times (x 112B)
Class org.gradle.internal.classloader.ClassLoaderVisitor                              : loaded 2 times (x 76B)
Class [Lcom.google.common.collect.ImmutableMapEntry;                                  : loaded 2 times (x 69B)
Class org.gradle.api.internal.classpath.EffectiveClassPath                            : loaded 2 times (x 90B)
Class com.google.common.collect.AbstractIterator$1                                    : loaded 2 times (x 71B)
Class [Lorg.apache.commons.io.StandardLineSeparator;                                  : loaded 2 times (x 69B)
Class org.apache.commons.io.output.StringBuilderWriter                                : loaded 2 times (x 100B)
Class com.google.common.collect.ImmutableRangeSet                                     : loaded 2 times (x 115B)
Class com.google.common.collect.ImmutableEnumMap                                      : loaded 2 times (x 125B)
Class com.google.common.collect.ListMultimap                                          : loaded 2 times (x 70B)
Class com.google.common.collect.Iterators$EmptyModifiableIterator                     : loaded 2 times (x 86B)
Class com.google.common.collect.Sets$1                                                : loaded 2 times (x 139B)
Class org.objectweb.asm.AnnotationVisitor                                             : loaded 2 times (x 78B)
Class com.google.common.base.Splitter                                                 : loaded 2 times (x 72B)
Class org.gradle.api.internal.DefaultClassPathProvider                                : loaded 2 times (x 76B)
Class org.apache.commons.io.FilenameUtils                                             : loaded 2 times (x 71B)
Class com.google.common.io.CharSource$ConcatenatedCharSource                          : loaded 2 times (x 86B)
Class com.google.common.collect.Maps$ViewCachingAbstractMap                           : loaded 2 times (x 125B)
Class com.google.common.collect.MapMakerInternalMap$Strength$1                        : loaded 2 times (x 80B)
Class com.google.common.collect.Sets$2                                                : loaded 2 times (x 139B)
Class [Lorg.gradle.api.internal.ClassPathProvider;                                    : loaded 2 times (x 69B)
Class org.gradle.api.internal.ClassPathProvider                                       : loaded 2 times (x 70B)
Class [Lorg.objectweb.asm.AnnotationVisitor;                                          : loaded 2 times (x 69B)
Class com.google.common.reflect.Types$ClassOwnership$1                                : loaded 2 times (x 80B)
Class com.google.common.collect.MapMakerInternalMap$Strength$2                        : loaded 2 times (x 80B)
Class com.google.common.collect.Sets$3                                                : loaded 2 times (x 139B)
Class com.google.common.util.concurrent.AbstractFuture$SafeAtomicHelper               : loaded 2 times (x 79B)
Class com.google.common.cache.LocalCache$LocalLoadingCache                            : loaded 2 times (x 134B)
Class com.google.common.base.AbstractIterator$State                                   : loaded 2 times (x 79B)
Class org.gradle.internal.service.UnknownServiceException                             : loaded 2 times (x 83B)
Class com.google.common.reflect.Types$ClassOwnership$2                                : loaded 2 times (x 80B)
Class com.google.common.reflect.TypeResolver                                          : loaded 2 times (x 72B)
Class com.google.common.io.ByteArrayDataInput                                         : loaded 2 times (x 70B)
Class com.google.common.collect.MapMakerInternalMap$StrongValueEntry                  : loaded 2 times (x 70B)
Class com.google.common.collect.Sets$4                                                : loaded 2 times (x 139B)
Class org.objectweb.asm.ModuleVisitor                                                 : loaded 2 times (x 81B)
Class com.google.common.cache.LocalCache$Strength$1                                   : loaded 2 times (x 81B)
Class com.google.common.reflect.Types$ClassOwnership$3                                : loaded 2 times (x 71B)
Class org.apache.commons.io.output.QueueOutputStream                                  : loaded 2 times (x 87B)
Class com.google.common.util.concurrent.SettableFuture                                : loaded 2 times (x 114B)
Class com.google.common.cache.LocalCache$Strength$2                                   : loaded 2 times (x 81B)
Class com.google.common.collect.TransformedIterator                                   : loaded 2 times (x 80B)
Class com.google.common.io.ByteStreams                                                : loaded 2 times (x 71B)
Class com.google.common.collect.Interners$InternerImpl                                : loaded 2 times (x 75B)
Class com.google.common.collect.Interner                                              : loaded 2 times (x 70B)
Class com.google.common.cache.LocalCache$Strength$3                                   : loaded 2 times (x 81B)
Class com.google.common.collect.MapDifference                                         : loaded 2 times (x 70B)
Class com.google.common.base.Splitter$1                                               : loaded 2 times (x 77B)
Class com.google.common.reflect.Invokable                                             : loaded 2 times (x 103B)
Class com.google.common.collect.MapMaker$Dummy                                        : loaded 2 times (x 79B)
Class org.objectweb.asm.FieldWriter                                                   : loaded 2 times (x 78B)
Class com.google.common.cache.CacheBuilder$NullListener                               : loaded 2 times (x 82B)
Class org.gradle.internal.classpath.TransformedClassPath                              : loaded 2 times (x 96B)
Class org.gradle.internal.classloader.InstrumentingClassLoader                        : loaded 2 times (x 70B)
Class com.google.common.reflect.Types$ParameterizedTypeImpl                           : loaded 2 times (x 81B)
Class com.google.common.collect.ImmutableListMultimap                                 : loaded 2 times (x 176B)
Class org.apache.commons.io.output.UnsynchronizedByteArrayOutputStream                : loaded 2 times (x 102B)
Class com.google.common.collect.ImmutableRangeSet$AsSet                               : loaded 2 times (x 299B)
Class com.google.common.cache.CacheLoader$FunctionToCacheLoader                       : loaded 2 times (x 75B)
Class com.google.common.collect.Iterators$ArrayItr                                    : loaded 2 times (x 97B)
Class com.google.common.collect.ImmutableCollection$Builder                           : loaded 2 times (x 76B)
Class com.google.common.reflect.TypeResolver$TypeVariableKey                          : loaded 2 times (x 72B)
Class com.google.common.collect.EmptyImmutableListMultimap                            : loaded 2 times (x 176B)
Class com.google.common.collect.BaseImmutableMultimap                                 : loaded 2 times (x 123B)
Class org.apache.commons.io.output.ByteArrayOutputStream                              : loaded 2 times (x 102B)
Class com.google.common.base.Joiner                                                   : loaded 2 times (x 79B)
Class com.google.common.base.MoreObjects                                              : loaded 2 times (x 71B)
Class [Lorg.objectweb.asm.Attribute;                                                  : loaded 2 times (x 69B)
Class [Lorg.objectweb.asm.Type;                                                       : loaded 2 times (x 69B)
Class com.google.common.collect.Platform                                              : loaded 2 times (x 71B)
Class com.google.common.collect.UnmodifiableIterator                                  : loaded 2 times (x 80B)
Class org.gradle.internal.service.ServiceLocator                                      : loaded 2 times (x 70B)
Class org.apache.commons.io.FileExistsException                                       : loaded 2 times (x 82B)
Class com.google.common.base.Ascii                                                    : loaded 2 times (x 71B)
Class com.google.common.collect.SingletonImmutableBiMap                               : loaded 2 times (x 143B)
Class com.google.common.cache.LocalCache$1                                            : loaded 2 times (x 89B)
Class com.google.common.collect.AbstractMapEntry                                      : loaded 2 times (x 81B)
Class com.google.common.reflect.TypeToken$SimpleTypeToken                             : loaded 2 times (x 73B)
Class com.google.common.io.CharSource$StringCharSource                                : loaded 2 times (x 86B)
Class com.google.common.io.ByteSource$ByteArrayByteSource                             : loaded 2 times (x 85B)
Class com.google.common.collect.MapMakerInternalMap$AbstractStrongKeyEntry            : loaded 2 times (x 80B)
Class com.google.common.collect.Sets$ImprovedAbstractSet                              : loaded 2 times (x 135B)
Class com.google.common.collect.ImmutableList$Builder                                 : loaded 2 times (x 77B)
Class com.google.common.cache.LocalCache$2                                            : loaded 2 times (x 142B)
Class com.google.common.collect.AbstractMultimap                                      : loaded 2 times (x 123B)
Class com.google.common.collect.ImmutableRangeSet$1                                   : loaded 2 times (x 209B)
Class com.google.common.util.concurrent.AbstractFuture$UnsafeAtomicHelper$1           : loaded 2 times (x 76B)
Class com.google.common.collect.RegularImmutableAsList                                : loaded 2 times (x 216B)
Class com.google.common.base.Optional                                                 : loaded 2 times (x 80B)
Class com.google.common.collect.Range                                                 : loaded 2 times (x 87B)
Class com.google.common.util.concurrent.AbstractFuture$Trusted                        : loaded 2 times (x 70B)
Class com.google.common.collect.Iterators                                             : loaded 2 times (x 71B)
Class com.google.common.base.CharMatcher$RangesMatcher                                : loaded 2 times (x 112B)
Class com.google.common.io.ByteSink$AsCharSink                                        : loaded 2 times (x 80B)
Class com.google.common.util.concurrent.UncheckedExecutionException                   : loaded 2 times (x 82B)
Class com.google.common.collect.Lists$StringAsImmutableList                           : loaded 2 times (x 207B)
Class com.google.common.collect.ImmutableSortedSetFauxverideShim                      : loaded 2 times (x 147B)
Class com.google.common.base.CharMatcher$JavaLetterOrDigit                            : loaded 2 times (x 111B)
Class org.gradle.internal.InternalTransformer                                         : loaded 2 times (x 70B)
Class com.google.common.collect.AbstractMapBasedMultimap$KeySet$1                     : loaded 2 times (x 82B)
Class org.objectweb.asm.ClassWriter                                                   : loaded 2 times (x 106B)
Class com.google.common.cache.CacheLoader$UnsupportedLoadingOperationException        : loaded 2 times (x 82B)
Class com.google.common.base.CharMatcher$And                                          : loaded 2 times (x 112B)
Class ijKotlinCoroutineJvmDebugInit1_7taz4dzpvuxhppgqlo5v3jjdb$_run_closure1$_closure2: loaded 2 times (x 139B)
Class org.gradle.internal.classloader.ClasspathUtil$1                                 : loaded 2 times (x 76B)
Class com.google.common.collect.FluentIterable$1                                      : loaded 2 times (x 81B)
Class com.google.common.base.Objects                                                  : loaded 2 times (x 71B)
Class org.objectweb.asm.FieldVisitor                                                  : loaded 2 times (x 77B)
Class com.google.common.collect.IndexedImmutableSet                                   : loaded 2 times (x 150B)
Class com.google.common.collect.ImmutableMap$1                                        : loaded 2 times (x 81B)
Class com.google.common.collect.BiMap                                                 : loaded 2 times (x 70B)
Class org.gradle.api.internal.classpath.DefaultModuleRegistry$DefaultModule           : loaded 2 times (x 86B)
Class com.google.common.reflect.Reflection                                            : loaded 2 times (x 71B)
Class com.google.common.base.Absent                                                   : loaded 2 times (x 80B)
Class com.google.common.collect.FluentIterable$2                                      : loaded 2 times (x 81B)
Class com.google.common.primitives.Ints                                               : loaded 2 times (x 71B)
Class com.google.common.collect.AbstractIterator                                      : loaded 2 times (x 82B)
Class com.google.common.collect.FluentIterable$3                                      : loaded 2 times (x 81B)
Class com.google.common.math.MathPreconditions                                        : loaded 2 times (x 71B)
Class com.google.common.collect.Multiset                                              : loaded 2 times (x 70B)
Class com.google.common.collect.ArrayListMultimapGwtSerializationDependencies         : loaded 2 times (x 172B)
Class com.google.common.collect.ObjectArrays                                          : loaded 2 times (x 71B)
Class com.google.common.collect.AbstractIndexedListIterator                           : loaded 2 times (x 96B)
Class org.apache.commons.io.output.NullOutputStream                                   : loaded 2 times (x 85B)
Class com.google.common.collect.ImmutableMapEntrySet                                  : loaded 2 times (x 151B)
Class org.gradle.api.internal.classpath.Module                                        : loaded 2 times (x 70B)
Class com.google.common.cache.Weigher                                                 : loaded 2 times (x 70B)
Class org.gradle.api.internal.classpath.UnknownModuleException                        : loaded 2 times (x 82B)
Class com.google.common.base.Stopwatch                                                : loaded 2 times (x 72B)
Class com.google.common.cache.LocalCache$Strength                                     : loaded 2 times (x 81B)
Class com.google.common.cache.Cache                                                   : loaded 2 times (x 70B)
Class org.apache.commons.io.filefilter.IOFileFilter                                   : loaded 2 times (x 70B)
Class com.google.common.io.Files$2                                                    : loaded 2 times (x 76B)
Class com.google.common.io.AppendableWriter                                           : loaded 2 times (x 100B)
Class com.google.common.util.concurrent.AbstractFuture$Cancellation                   : loaded 2 times (x 72B)
Class com.google.common.collect.ImmutableMap$Builder                                  : loaded 2 times (x 82B)
Class com.google.common.base.NullnessCasts                                            : loaded 2 times (x 71B)
Class com.google.common.collect.AbstractMapBasedMultimap$WrappedCollection$WrappedIterator: loaded 2 times (x 84B)
Class com.google.common.base.Present                                                  : loaded 2 times (x 81B)
Class com.google.common.cache.RemovalListener                                         : loaded 2 times (x 70B)
Class org.gradle.api.internal.DefaultClassPathRegistry                                : loaded 2 times (x 76B)
Class org.apache.commons.io.file.DeleteOption                                         : loaded 2 times (x 70B)
Class com.google.common.reflect.Invokable$ConstructorInvokable                        : loaded 2 times (x 107B)
Class com.google.common.collect.ImmutableMultimap$Keys                                : loaded 2 times (x 166B)
Class com.google.common.primitives.IntsMethodsForWeb                                  : loaded 2 times (x 71B)
Class com.google.common.collect.Multimap                                              : loaded 2 times (x 70B)
Class org.gradle.api.internal.ClassPathRegistry                                       : loaded 2 times (x 70B)
Class org.gradle.internal.classpath.DefaultClassPath$ImmutableUniqueList              : loaded 2 times (x 199B)
Class com.google.common.collect.NullnessCasts                                         : loaded 2 times (x 71B)
Class com.google.common.reflect.TypeToken                                             : loaded 2 times (x 73B)
Class com.google.common.collect.MapMakerInternalMap$Segment                           : loaded 2 times (x 142B)
Class com.google.common.base.ExtraObjectsMethodsForWeb                                : loaded 2 times (x 71B)
Class org.apache.commons.io.IOUtils                                                   : loaded 2 times (x 71B)
Class com.google.common.io.LineReader                                                 : loaded 2 times (x 72B)
Class com.google.common.cache.RemovalCause                                            : loaded 2 times (x 80B)
Class com.google.common.io.ByteSink                                                   : loaded 2 times (x 76B)
Class com.google.common.cache.CacheBuilder                                            : loaded 2 times (x 72B)
Class com.google.common.collect.SingletonImmutableList                                : loaded 2 times (x 207B)
Class Settings_gradle$1                                                               : loaded 2 times (x 74B)
Class org.gradle.internal.classpath.ClassPath                                         : loaded 2 times (x 70B)
Class org.gradle.api.UncheckedIOException                                             : loaded 2 times (x 82B)
Class [Lcom.google.common.reflect.Types$JavaVersion;                                  : loaded 2 times (x 69B)
Class com.google.common.io.Files$FileByteSource                                       : loaded 2 times (x 85B)
Class com.google.common.collect.Interners$InternerBuilder                             : loaded 2 times (x 76B)
Class com.google.common.collect.ImmutableList$ReverseImmutableList                    : loaded 2 times (x 208B)
Class com.google.common.base.JdkPattern                                               : loaded 2 times (x 75B)
Class com.google.common.io.CharSource$CharSequenceCharSource                          : loaded 2 times (x 86B)
Class com.google.common.io.CharStreams$NullWriter                                     : loaded 2 times (x 99B)
Class org.objectweb.asm.SymbolTable$Entry                                             : loaded 2 times (x 74B)
Class com.google.common.util.concurrent.AbstractFuture$AtomicHelper                   : loaded 2 times (x 78B)
Class org.gradle.internal.Factory                                                     : loaded 2 times (x 70B)
Class org.objectweb.asm.Edge                                                          : loaded 2 times (x 72B)
Class com.google.common.base.Suppliers$SupplierOfInstance                             : loaded 2 times (x 79B)
Class com.google.common.collect.Iterators$1                                           : loaded 2 times (x 81B)
Class ijKotlinCoroutineJvmDebugInit1_7taz4dzpvuxhppgqlo5v3jjdb$_run_closure1          : loaded 2 times (x 139B)
Class kotlin.UninitializedPropertyAccessException                                     : loaded 2 times (x 82B)
Class com.google.common.reflect.TypeToken$1                                           : loaded 2 times (x 110B)
Class com.google.common.cache.LocalCache$ComputingValueReference                      : loaded 2 times (x 96B)
Class com.google.common.collect.SingletonImmutableSet                                 : loaded 2 times (x 146B)
Class com.google.common.collect.ImmutableMap$IteratorBasedImmutableMap                : loaded 2 times (x 125B)
Class com.google.common.reflect.TypeToken$2                                           : loaded 2 times (x 110B)
Class com.google.common.cache.LocalCache$Segment                                      : loaded 2 times (x 154B)
Class com.google.common.collect.SortedIterable                                        : loaded 2 times (x 70B)
Class [Lorg.objectweb.asm.SymbolTable$Entry;                                          : loaded 2 times (x 69B)
Class com.google.common.cache.CacheLoader                                             : loaded 2 times (x 74B)
Class com.google.common.collect.Iterators$4                                           : loaded 2 times (x 82B)
Class com.google.common.collect.ImmutableBiMap                                        : loaded 2 times (x 143B)
Class com.google.common.collect.AbstractListMultimap                                  : loaded 2 times (x 172B)
Class ijKotlinCoroutineJvmDebugInit1_7taz4dzpvuxhppgqlo5v3jjdb                        : loaded 2 times (x 179B)
Class org.gradle.internal.installation.GradleInstallation$1                           : loaded 2 times (x 75B)
Class org.gradle.api.internal.classpath.ModuleRegistry                                : loaded 2 times (x 70B)
Class org.apache.commons.io.output.NullWriter                                         : loaded 2 times (x 99B)
Class com.google.common.util.concurrent.internal.InternalFutureFailureAccess          : loaded 2 times (x 72B)
Class com.google.common.collect.Iterators$5                                           : loaded 2 times (x 82B)
Class com.google.common.collect.ImmutableSet$JdkBackedSetBuilderImpl                  : loaded 2 times (x 76B)
Class com.google.common.base.Splitter$SplittingIterator                               : loaded 2 times (x 84B)
Class com.google.common.io.Closer$SuppressingSuppressor                               : loaded 2 times (x 75B)
Class com.google.common.collect.ImmutableMultimap$Values                              : loaded 2 times (x 126B)
Class com.google.common.util.concurrent.AbstractFuture$UnsafeAtomicHelper             : loaded 2 times (x 78B)
Class com.google.common.cache.LocalCache$LocalManualCache$1                           : loaded 2 times (x 75B)
Class com.google.common.base.CharMatcher$ForPredicate                                 : loaded 2 times (x 112B)
Class ijJvmDebugger1_5qmw0mb80pbtak83u357x78r7$_run_closure1                          : loaded 2 times (x 139B)
Class com.google.common.collect.ImmutableCollection                                   : loaded 2 times (x 125B)
Class com.google.common.base.CharMatcher$AnyOf                                        : loaded 2 times (x 112B)
Class org.gradle.api.internal.classpath.DefaultModuleRegistry                         : loaded 2 times (x 86B)
Class com.google.common.util.concurrent.ListenableFuture                              : loaded 2 times (x 70B)
Class com.google.common.cache.ReferenceEntry                                          : loaded 2 times (x 70B)
Class com.google.common.collect.ImmutableSet$CachingAsList                            : loaded 2 times (x 147B)
Class com.google.common.base.Converter                                                : loaded 2 times (x 90B)
Class com.google.common.collect.Lists                                                 : loaded 2 times (x 71B)
Class com.google.common.base.CharMatcher$Any                                          : loaded 2 times (x 112B)
Class com.google.common.util.concurrent.AbstractFuture                                : loaded 2 times (x 106B)
Class com.google.common.base.FunctionalEquivalence                                    : loaded 2 times (x 83B)
Class com.google.common.collect.Iterators$9                                           : loaded 2 times (x 81B)
Class com.google.common.collect.AbstractMapBasedMultimap                              : loaded 2 times (x 139B)
Class com.google.common.collect.ImmutableAsList                                       : loaded 2 times (x 209B)
Class com.google.common.reflect.TypeResolver$TypeTable                                : loaded 2 times (x 73B)
Class com.google.common.io.CharStreams                                                : loaded 2 times (x 71B)
Class com.google.common.collect.ImmutableMultiset                                     : loaded 2 times (x 163B)
Class org.objectweb.asm.RecordComponentVisitor                                        : loaded 2 times (x 77B)
Class com.google.common.cache.CacheLoader$SupplierToCacheLoader                       : loaded 2 times (x 75B)
Class com.google.common.reflect.TypeResolver$TypeTable$1                              : loaded 2 times (x 73B)
Class com.google.common.collect.Maps$EntryTransformer                                 : loaded 2 times (x 70B)
Class org.gradle.internal.service.ServiceLookupException                              : loaded 2 times (x 82B)
Class com.google.common.collect.ImmutableSortedSet                                    : loaded 2 times (x 299B)
Class [Lcom.google.common.cache.LocalCache$EntryFactory;                              : loaded 2 times (x 69B)
Class com.google.common.base.CharMatcher$JavaLetter                                   : loaded 2 times (x 111B)
Class org.gradle.internal.classloader.ClassLoaderFactory                              : loaded 2 times (x 70B)
Class org.apache.commons.io.CloseableURLConnection                                    : loaded 2 times (x 117B)
Class com.google.common.cache.LocalCache$LocalManualCache                             : loaded 2 times (x 99B)
Class com.google.common.base.CharMatcher$IsNot                                        : loaded 2 times (x 111B)
Class com.google.common.base.CommonPattern                                            : loaded 2 times (x 74B)
Class org.gradle.internal.service.CachingServiceLocator                               : loaded 2 times (x 82B)
Class com.google.common.collect.AbstractMapBasedMultimap$KeySet                       : loaded 2 times (x 137B)
Class com.google.common.collect.RegularImmutableSortedSet                             : loaded 2 times (x 299B)
Class com.google.common.math.IntMath                                                  : loaded 2 times (x 71B)
Class com.google.common.reflect.Types$TypeVariableInvocationHandler                   : loaded 2 times (x 75B)
Class com.google.common.collect.MapMakerInternalMap$InternalEntry                     : loaded 2 times (x 70B)
Class com.google.common.collect.Iterators$10                                          : loaded 2 times (x 81B)
Class com.google.common.collect.ImmutableMapEntry                                     : loaded 2 times (x 85B)
Class com.google.common.base.CharMatcher$JavaDigit                                    : loaded 2 times (x 111B)
Class com.google.common.collect.ImmutableMultimap                                     : loaded 2 times (x 147B)
Class com.google.common.base.Equivalence                                              : loaded 2 times (x 82B)
Class com.google.common.collect.ImmutableMapEntry$NonTerminalImmutableMapEntry        : loaded 2 times (x 85B)
Class com.google.common.base.Function                                                 : loaded 2 times (x 70B)
Class org.apache.commons.io.output.AbstractByteArrayOutputStream                      : loaded 2 times (x 102B)
Class com.google.common.collect.IndexedImmutableSet$1                                 : loaded 2 times (x 212B)
Class com.google.common.cache.CacheBuilder$OneWeigher                                 : loaded 2 times (x 82B)
Class com.google.common.collect.RegularImmutableList                                  : loaded 2 times (x 212B)
Class com.google.common.reflect.Types$ClassOwnership$1LocalClass                      : loaded 2 times (x 71B)
Class com.google.common.collect.ImmutableBiMapFauxverideShim                          : loaded 2 times (x 120B)
Class org.gradle.internal.classloader.ClasspathUtil                                   : loaded 2 times (x 71B)
Class com.google.common.base.Charsets                                                 : loaded 2 times (x 71B)
Class com.google.common.util.concurrent.Uninterruptibles                              : loaded 2 times (x 71B)
Class com.google.common.io.CharSource                                                 : loaded 2 times (x 85B)
Class com.google.common.collect.Maps                                                  : loaded 2 times (x 71B)
Class com.google.common.base.CharMatcher$JavaUpperCase                                : loaded 2 times (x 111B)
Class org.gradle.api.specs.Spec                                                       : loaded 2 times (x 70B)
Class org.apache.commons.io.file.PathFilter                                           : loaded 2 times (x 70B)
Class com.google.common.reflect.Types$JavaVersion                                     : loaded 2 times (x 83B)
Class com.google.common.collect.MapMaker                                              : loaded 2 times (x 72B)
Class [Lcom.google.common.collect.ImmutableEntry;                                     : loaded 2 times (x 69B)
Class ijJvmDebugger1_5qmw0mb80pbtak83u357x78r7                                        : loaded 2 times (x 179B)
Class com.google.common.cache.LocalCache$LoadingValueReference                        : loaded 2 times (x 96B)
Class com.google.common.reflect.Invokable$MethodInvokable                             : loaded 2 times (x 107B)
Class com.google.common.io.LineReader$1                                               : loaded 2 times (x 75B)
Class com.google.common.collect.CollectSpliterators                                   : loaded 2 times (x 71B)
Class com.google.common.collect.AbstractMapBasedMultimap$AsMap                        : loaded 2 times (x 128B)
Class com.google.common.collect.MapMakerInternalMap$StrongKeyDummyValueEntry          : loaded 2 times (x 82B)
Class com.google.common.base.Platform                                                 : loaded 2 times (x 71B)
Class [Lorg.objectweb.asm.AnnotationWriter;                                           : loaded 2 times (x 69B)
Class com.google.common.collect.AbstractMapBasedMultimap$WrappedList                  : loaded 2 times (x 205B)
Class com.google.common.primitives.Ints$IntConverter                                  : loaded 2 times (x 90B)
Class com.google.common.collect.Maps$8                                                : loaded 2 times (x 82B)
Class [Lcom.google.common.collect.Iterators$EmptyModifiableIterator;                  : loaded 2 times (x 69B)
Class com.google.common.collect.ImmutableRangeSet$Builder                             : loaded 2 times (x 77B)
Class com.google.common.collect.Sets$SetView                                          : loaded 2 times (x 138B)
Class com.google.common.cache.LocalCache$StrongValueReference                         : loaded 2 times (x 90B)
Class com.google.common.util.concurrent.AbstractFuture$SynchronizedHelper             : loaded 2 times (x 78B)
Class com.google.common.base.CharMatcher$Invisible                                    : loaded 2 times (x 112B)
Class com.google.common.graph.SuccessorsFunction                                      : loaded 2 times (x 70B)
Class org.objectweb.asm.Type                                                          : loaded 2 times (x 72B)
Class org.gradle.internal.classloader.VisitableURLClassLoader$InstrumentingVisitableURLClassLoader: loaded 2 times (x 123B)
Class org.apache.commons.io.FileUtils                                                 : loaded 2 times (x 71B)
Class com.google.common.io.Files$FileByteSink                                         : loaded 2 times (x 77B)
Class com.google.common.collect.MapMakerInternalMap$StrongKeyDummyValueEntry$Helper   : loaded 2 times (x 79B)
Class org.objectweb.asm.ByteVector                                                    : loaded 2 times (x 79B)
Class [Lcom.google.common.cache.CacheBuilder$NullListener;                            : loaded 2 times (x 69B)
Class com.google.common.math.IntMath$1                                                : loaded 2 times (x 71B)
Class org.gradle.internal.classloader.VisitableURLClassLoader$Spec                    : loaded 2 times (x 74B)
Class org.gradle.internal.classpath.DefaultClassPath                                  : loaded 2 times (x 90B)
Class com.google.common.reflect.Types$ClassOwnership                                  : loaded 2 times (x 80B)
Class org.objectweb.asm.Symbol                                                        : loaded 2 times (x 73B)
Class com.google.common.base.AbstractIterator                                         : loaded 2 times (x 80B)
Class com.google.common.io.Closer                                                     : loaded 2 times (x 78B)
Class com.google.common.io.Java8Compatibility                                         : loaded 2 times (x 71B)
Class com.google.common.collect.ImmutableSet                                          : loaded 2 times (x 145B)
Class com.google.common.collect.RegularImmutableMap$Values                            : loaded 2 times (x 207B)
Class com.google.common.base.CharMatcher$BitSetMatcher                                : loaded 2 times (x 112B)
Class com.google.common.base.CharMatcher$Ascii                                        : loaded 2 times (x 112B)
Class org.gradle.internal.classloader.ClassLoaderSpec                                 : loaded 2 times (x 71B)
Class com.google.common.io.ByteSource$EmptyByteSource                                 : loaded 2 times (x 85B)
Class org.objectweb.asm.AnnotationWriter                                              : loaded 2 times (x 79B)
Class com.google.common.cache.CacheStats                                              : loaded 2 times (x 71B)
Class com.google.common.io.Closer$Suppressor                                          : loaded 2 times (x 70B)
Class com.google.common.io.LineProcessor                                              : loaded 2 times (x 70B)
Class com.google.common.collect.ImmutableMultisetGwtSerializationDependencies         : loaded 2 times (x 125B)
Class com.google.common.collect.Interners                                             : loaded 2 times (x 71B)
Class org.objectweb.asm.RecordComponentWriter                                         : loaded 2 times (x 78B)
Class com.google.common.util.concurrent.AbstractFuture$Listener                       : loaded 2 times (x 72B)
Class com.google.common.base.CharMatcher$Or                                           : loaded 2 times (x 112B)
Class Settings_gradle$1$1                                                             : loaded 2 times (x 74B)
Class [Lorg.objectweb.asm.Label;                                                      : loaded 2 times (x 69B)
Class org.objectweb.asm.Attribute                                                     : loaded 2 times (x 77B)
Class com.google.common.base.Supplier                                                 : loaded 2 times (x 70B)
Class ijJvmDebugger1_5qmw0mb80pbtak83u357x78r7$_run_closure1$_closure2                : loaded 2 times (x 140B)
Class org.gradle.internal.classloader.VisitableURLClassLoader                         : loaded 2 times (x 117B)
Class com.google.common.io.CharSource$AsByteSource                                    : loaded 2 times (x 85B)
Class com.google.common.collect.ImmutableList$SerializedForm                          : loaded 2 times (x 73B)
Class com.google.common.util.concurrent.AbstractFuture$Waiter                         : loaded 2 times (x 72B)
Class Settings_gradle                                                                 : loaded 2 times (x 128B)
Class org.gradle.internal.Cast                                                        : loaded 2 times (x 71B)
Class org.gradle.api.Action                                                           : loaded 2 times (x 70B)
Class com.google.common.collect.MapMakerInternalMap                                   : loaded 2 times (x 161B)
Class com.google.common.collect.Sets                                                  : loaded 2 times (x 71B)
Class org.objectweb.asm.Handler                                                       : loaded 2 times (x 72B)
Class com.google.common.base.Ticker                                                   : loaded 2 times (x 72B)
Class com.google.common.base.Strings                                                  : loaded 2 times (x 71B)
Class com.google.common.base.CharMatcher$FastMatcher                                  : loaded 2 times (x 111B)
Class com.google.common.cache.RemovalCause$1                                          : loaded 2 times (x 80B)
Class [Lcom.google.common.cache.LocalCache$Segment;                                   : loaded 2 times (x 69B)
Class [Lcom.google.common.cache.LocalCache$Strength;                                  : loaded 2 times (x 69B)
Class com.google.common.cache.CacheBuilder$1                                          : loaded 2 times (x 85B)
Class com.google.common.collect.ImmutableMap                                          : loaded 2 times (x 120B)
Class com.google.common.base.Predicate                                                : loaded 2 times (x 70B)
Class org.gradle.internal.classpath.DefaultClassPath$ImmutableUniqueList$Builder      : loaded 2 times (x 75B)
Class com.google.common.cache.RemovalCause$2                                          : loaded 2 times (x 80B)
Class com.google.common.collect.MapMakerInternalMap$WeakValueReference                : loaded 2 times (x 70B)
Class com.google.common.collect.AbstractRangeSet                                      : loaded 2 times (x 114B)
Class com.google.common.cache.LocalCache                                              : loaded 2 times (x 187B)
Class com.google.common.cache.CacheBuilder$2                                          : loaded 2 times (x 72B)
Class com.google.common.base.CharMatcher$NegatedFastMatcher                           : loaded 2 times (x 113B)
Class com.google.common.cache.RemovalCause$3                                          : loaded 2 times (x 80B)
Class [Lcom.google.common.collect.AbstractMapEntry;                                   : loaded 2 times (x 69B)
Class com.google.common.collect.ImmutableEntry                                        : loaded 2 times (x 82B)
Class com.google.common.collect.ArrayListMultimap                                     : loaded 2 times (x 172B)
Class com.google.common.base.AbstractIterator$1                                       : loaded 2 times (x 71B)
Class com.google.common.base.CharMatcher$Digit                                        : loaded 2 times (x 112B)
Class org.gradle.api.GradleException                                                  : loaded 2 times (x 82B)
Class com.google.common.cache.RemovalCause$4                                          : loaded 2 times (x 80B)
Class com.google.common.io.CharSource$EmptyCharSource                                 : loaded 2 times (x 86B)
Class com.google.common.base.Suppliers$MemoizingSupplier                              : loaded 2 times (x 79B)
Class org.apache.commons.io.StandardLineSeparator                                     : loaded 2 times (x 79B)
Class com.google.common.collect.CollectPreconditions                                  : loaded 2 times (x 71B)
Class com.google.common.base.CharMatcher$JavaIsoControl                               : loaded 2 times (x 112B)
Class com.google.common.cache.RemovalCause$5                                          : loaded 2 times (x 80B)
Class [Lcom.google.common.io.FileWriteMode;                                           : loaded 2 times (x 69B)
Class [Lcom.google.common.collect.MapMakerInternalMap$Strength;                       : loaded 2 times (x 69B)
Class com.google.common.collect.SortedMapDifference                                   : loaded 2 times (x 70B)
Class com.google.common.base.CharMatcher$JavaLowerCase                                : loaded 2 times (x 111B)
Class com.google.common.collect.Iterables$4                                           : loaded 2 times (x 81B)
Class com.google.common.io.Files                                                      : loaded 2 times (x 71B)
Class com.google.common.collect.MapMakerInternalMap$StrongKeyDummyValueSegment        : loaded 2 times (x 142B)
Class com.google.common.cache.LocalCache$WriteThroughEntry                            : loaded 2 times (x 79B)
Class com.google.common.cache.LocalCache$HashIterator                                 : loaded 2 times (x 86B)
Class com.google.common.cache.LocalCache$EntryFactory                                 : loaded 2 times (x 83B)
Class com.google.common.reflect.Types$NativeTypeVariableEquals                        : loaded 2 times (x 71B)
Class com.google.common.reflect.TypeParameter                                         : loaded 2 times (x 72B)
Class [Lcom.google.common.collect.MapMaker$Dummy;                                     : loaded 2 times (x 69B)
Class com.google.common.cache.LocalCache$AbstractReferenceEntry                       : loaded 2 times (x 107B)
Class com.google.common.base.Splitter$1$1                                             : loaded 2 times (x 86B)
Class com.google.common.base.CharMatcher$Whitespace                                   : loaded 2 times (x 112B)
Class org.gradle.internal.IoActions                                                   : loaded 2 times (x 71B)
Class com.google.common.collect.ImmutableMapKeySet                                    : loaded 2 times (x 150B)
Class com.google.common.collect.ImmutableRangeSet$ComplementRanges                    : loaded 2 times (x 207B)
Class org.objectweb.asm.SymbolTable                                                   : loaded 2 times (x 72B)
Class com.google.common.cache.CacheLoader$InvalidCacheLoadException                   : loaded 2 times (x 82B)
Class com.google.common.collect.ImmutableSet$RegularSetBuilderImpl                    : loaded 2 times (x 77B)
Class com.google.common.base.CharMatcher$SingleWidth                                  : loaded 2 times (x 112B)
Class org.gradle.internal.classloader.SystemClassLoaderSpec                           : loaded 2 times (x 71B)
Class kotlin.jvm.internal.Intrinsics                                                  : loaded 2 times (x 71B)
Class com.google.common.collect.FluentIterable                                        : loaded 2 times (x 81B)
Class com.google.common.cache.LocalCache$StrongEntry                                  : loaded 2 times (x 108B)
Class com.google.common.util.concurrent.AbstractFuture$TrustedFuture                  : loaded 2 times (x 114B)
Class com.google.common.cache.LoadingCache                                            : loaded 2 times (x 70B)
Class com.google.common.io.ByteStreams$LimitedInputStream                             : loaded 2 times (x 92B)
Class com.google.common.base.Suppliers$NonSerializableMemoizingSupplier               : loaded 2 times (x 79B)
Class org.objectweb.asm.MethodWriter                                                  : loaded 2 times (x 106B)
Class [Lcom.google.common.cache.Weigher;                                              : loaded 2 times (x 69B)
Class com.google.common.collect.RegularImmutableMap$BucketOverflowException           : loaded 2 times (x 82B)
Class kotlin.KotlinNullPointerException                                               : loaded 2 times (x 83B)
Class com.google.common.collect.ImmutableMultimap$1                                   : loaded 2 times (x 82B)
Class com.google.common.collect.AbstractMapBasedMultimap$RandomAccessWrappedList      : loaded 2 times (x 205B)
Class com.google.common.reflect.Types$JavaVersion$1                                   : loaded 2 times (x 83B)
Class com.google.common.collect.AbstractIterator$State                                : loaded 2 times (x 79B)
Class com.google.common.collect.ImmutableMultimap$2                                   : loaded 2 times (x 81B)
Class com.google.common.collect.RegularImmutableBiMap                                 : loaded 2 times (x 148B)
Class com.google.common.cache.LocalCache$ValueReference                               : loaded 2 times (x 70B)
Class com.google.common.base.CharMatcher$Negated                                      : loaded 2 times (x 113B)
Class com.google.common.base.CharMatcher$Is                                           : loaded 2 times (x 111B)
Class com.google.common.reflect.Types$JavaVersion$2                                   : loaded 2 times (x 83B)
Class com.google.common.reflect.Types                                                 : loaded 2 times (x 71B)
Class com.google.common.hash.PrimitiveSink                                            : loaded 2 times (x 70B)
Class com.google.common.util.concurrent.AbstractFuture$Failure                        : loaded 2 times (x 72B)
Class com.google.common.base.Equivalence$Equals                                       : loaded 2 times (x 82B)
Class com.google.common.collect.Hashing                                               : loaded 2 times (x 71B)
Class com.google.common.base.PatternCompiler                                          : loaded 2 times (x 70B)
Class com.google.common.base.Preconditions                                            : loaded 2 times (x 71B)
Class [Lorg.apache.commons.io.file.DeleteOption;                                      : loaded 2 times (x 69B)
Class com.google.common.collect.ImmutableSetMultimap                                  : loaded 2 times (x 180B)
Class com.google.common.reflect.Types$JavaVersion$3                                   : loaded 2 times (x 83B)
Class com.google.common.io.CharSink                                                   : loaded 2 times (x 79B)
Class com.google.common.base.Joiner$1                                                 : loaded 2 times (x 80B)
Class org.objectweb.asm.Label                                                         : loaded 2 times (x 73B)
Class org.objectweb.asm.CurrentFrame                                                  : loaded 2 times (x 73B)
Class org.objectweb.asm.ClassTooLargeException                                        : loaded 2 times (x 83B)
Class com.google.common.collect.PeekingIterator                                       : loaded 2 times (x 70B)
Class com.google.common.base.CharMatcher                                              : loaded 2 times (x 111B)
Class com.google.common.reflect.Types$JavaVersion$4                                   : loaded 2 times (x 83B)
Class com.google.common.io.ByteSource$AsCharSource                                    : loaded 2 times (x 86B)
Class com.google.common.collect.Table                                                 : loaded 2 times (x 70B)
Class com.google.common.collect.MapMakerInternalMap$InternalEntryHelper               : loaded 2 times (x 70B)
Class com.google.common.collect.Maps$IteratorBasedAbstractMap                         : loaded 2 times (x 125B)
Class com.google.common.collect.RangeGwtSerializationDependencies                     : loaded 2 times (x 71B)
Class com.google.common.base.Joiner$2                                                 : loaded 2 times (x 79B)
Class org.objectweb.asm.Frame                                                         : loaded 2 times (x 73B)
Class org.objectweb.asm.MethodVisitor                                                 : loaded 2 times (x 105B)
Class com.google.common.cache.LocalCache$EntryFactory$1                               : loaded 2 times (x 83B)
Class [Lcom.google.common.cache.RemovalListener;                                      : loaded 2 times (x 69B)
Class com.google.common.base.CharMatcher$1                                            : loaded 2 times (x 113B)
Class com.google.common.base.CharMatcher$NamedFastMatcher                             : loaded 2 times (x 112B)
Class com.google.common.reflect.Types$JavaVersion$5                                   : loaded 2 times (x 71B)
Class [Lcom.google.common.reflect.Types$ClassOwnership;                               : loaded 2 times (x 69B)
Class com.google.common.cache.LocalCache$WeakValueReference                           : loaded 2 times (x 97B)
Class com.google.common.collect.RangeSet                                              : loaded 2 times (x 70B)
Class com.google.common.cache.LocalCache$EntryFactory$2                               : loaded 2 times (x 83B)
Class org.gradle.api.internal.classpath.GlobalCacheRootsProvider                      : loaded 2 times (x 70B)
Class kotlin.NoWhenBranchMatchedException                                             : loaded 2 times (x 82B)
Class com.google.common.collect.CollectCollectors                                     : loaded 2 times (x 71B)
Class org.objectweb.asm.ModuleWriter                                                  : loaded 2 times (x 82B)
Class com.google.common.cache.LocalCache$EntryFactory$3                               : loaded 2 times (x 83B)
Class com.google.common.base.Ticker$1                                                 : loaded 2 times (x 72B)
Class com.google.common.collect.ImmutableMapEntrySet$RegularEntrySet                  : loaded 2 times (x 151B)
Class com.google.common.collect.Maps$BiMapConverter                                   : loaded 2 times (x 90B)
Class com.google.common.collect.SetMultimap                                           : loaded 2 times (x 70B)
Class com.google.common.collect.CollectSpliterators$1                                 : loaded 2 times (x 90B)
Class com.google.common.cache.LocalCache$EntryFactory$4                               : loaded 2 times (x 83B)
Class com.google.common.collect.ImmutableSet$Builder                                  : loaded 2 times (x 85B)
Class com.google.common.base.CharMatcher$InRange                                      : loaded 2 times (x 111B)
Class com.google.common.io.ByteStreams$1                                              : loaded 2 times (x 85B)
Class com.google.common.cache.LocalCache$EntryFactory$5                               : loaded 2 times (x 83B)
Class org.apache.commons.io.output.AppendableWriter                                   : loaded 2 times (x 100B)
Class com.google.common.cache.LocalCache$EntryFactory$6                               : loaded 2 times (x 83B)
Class org.gradle.internal.installation.CurrentGradleInstallationLocator               : loaded 2 times (x 71B)
Class com.google.common.io.ByteSource$SlicedByteSource                                : loaded 2 times (x 85B)
Class com.google.common.collect.ImmutableMultimap$Builder                             : loaded 2 times (x 83B)
Class org.objectweb.asm.ClassReader                                                   : loaded 2 times (x 93B)
Class org.apache.commons.io.output.ThresholdingOutputStream                           : loaded 2 times (x 94B)
Class com.google.common.collect.Maps$KeySet                                           : loaded 2 times (x 137B)
Class com.google.common.cache.LocalCache$EntryFactory$7                               : loaded 2 times (x 83B)
Class com.google.common.collect.ImmutableSet$EmptySetBuilderImpl                      : loaded 2 times (x 76B)
Class com.google.common.collect.ImmutableList                                         : loaded 2 times (x 206B)
Class org.gradle.internal.service.DefaultServiceLocator                               : loaded 2 times (x 83B)
Class com.google.common.cache.LocalCache$SoftValueReference                           : loaded 2 times (x 97B)
Class com.google.common.collect.ImmutableMultimap$EntryCollection                     : loaded 2 times (x 127B)
Class com.google.common.collect.Maps$EntrySet                                         : loaded 2 times (x 136B)
Class com.google.common.cache.LocalCache$EntryFactory$8                               : loaded 2 times (x 83B)
Class com.google.common.collect.ImmutableSet$SetBuilderImpl                           : loaded 2 times (x 76B)
Class org.gradle.internal.installation.CurrentGradleInstallation                      : loaded 2 times (x 73B)
Class com.google.common.cache.CacheLoader$1                                           : loaded 2 times (x 75B)
Class com.google.common.collect.ForwardingObject                                      : loaded 2 times (x 72B)
Class com.google.common.collect.ImmutableList$SubList                                 : loaded 2 times (x 208B)
Class org.gradle.util.internal.GUtil                                                  : loaded 2 times (x 71B)
Class com.google.common.io.ByteSource                                                 : loaded 2 times (x 84B)
Class com.google.common.util.concurrent.AbstractFuture$SetFuture                      : loaded 2 times (x 75B)
Class com.google.common.cache.AbstractCache$StatsCounter                              : loaded 2 times (x 70B)
Class com.google.common.reflect.Types$TypeVariableImpl                                : loaded 2 times (x 72B)
Class com.google.common.io.LineBuffer                                                 : loaded 2 times (x 75B)
Class com.google.common.collect.MapMakerInternalMap$1                                 : loaded 2 times (x 83B)
Class org.objectweb.asm.Context                                                       : loaded 2 times (x 72B)
Class com.google.common.collect.Iterators$MergingIterator                             : loaded 2 times (x 81B)
Class com.google.common.collect.RegularImmutableSet                                   : loaded 2 times (x 148B)
Class org.gradle.internal.installation.GradleInstallation                             : loaded 2 times (x 75B)
Class com.google.common.collect.Iterables                                             : loaded 2 times (x 71B)
Class com.google.common.base.Splitter$Strategy                                        : loaded 2 times (x 70B)

---------------  S Y S T E M  ---------------

OS:
 Windows 11 , 64 bit Build 26100 (10.0.26100.9444)
OS uptime: 7 days 20:14 hours
Hyper-V role detected

CPU: total 8 (initial active 8) (8 cores per cpu, 2 threads per core) family 23 model 24 stepping 1 microcode 0x8108109, cx8, cmov, fxsr, ht, mmx, 3dnowpref, sse, sse2, sse3, ssse3, sse4a, sse4.1, sse4.2, popcnt, lzcnt, tsc, tscinvbit, avx, avx2, aes, clmul, bmi1, bmi2, adx, sha, fma, vzeroupper, clflush, clflushopt, hv, rdtscp, f16c
Processor Information for the first 8 processors :
  Max Mhz: 2100, Current Mhz: 2100, Mhz Limit: 2100

Memory: 4k page, system-wide physical 6091M (184M free)
TotalPageFile size 24523M (AvailPageFile size 20M)
current process WorkingSet (physical memory assigned to process): 311M, peak: 556M
current process commit charge ("private bytes"): 692M, peak: 708M

vm_info: OpenJDK 64-Bit Server VM (21.0.11+1-b1163.116) for windows-amd64 JRE (21.0.11+1-b1163.116), built on 2026-04-30 by "builduser" with MS VC++ 17.14 (VS2022)

END.
